- Giá trị khấu hao lũy kế (*),1. Chi phí chờ phân bổ dài hạn,1. Chi phí chờ phân bổ ngắn hạn,1. Hàng tồn kho,1. Phải thu ngắn hạn của khách hàng,1. Súc vật nuôi cho sản phẩm định kỳ,1. Súc vật nuôi lấy sản phẩm một lần ngắn hạn,10. Lợi nhuận sau thuế chưa phân phối,10. Phải trả ngắn hạn khác,12. Dự phòng phải trả ngắn hạn,12. Thuế thu nhập hoãn lại phải trả,"13. Quỹ khen thưởng, phúc lợi",2. Cây trồng theo mùa vụ hoặc lấy sản phẩm một lần ngắn hạn,2. Thặng dư vốn,3. Cây trồng theo mùa vụ hoặc lấy sản phẩm một lần dài hạn,"3. Phải trả cổ tức, lợi nhuận",3. Thuế và các khoản khác phải thu Nhà nước,3. Đầu tư nắm giữ đến ngày đáo hạn ngắn hạn,4. Dự phòng tổn thất đầu tư vào đơn vị khác dài hạn (*),4. Thuế và các khoản phải nộp Nhà nước ngắn hạn,5. Phải thu dài hạn khác,5. Phải thu ngắn hạn khác,5. Phải trả người lao động,5. Đầu tư nắm giữ đến ngày đáo hạn dài hạn,6. Chi phí phải trả ngắn hạn,6. Dự phòng phải thu ngắn hạn khó đòi (*),8. Doanh thu chưa thực hiện ngắn hạn,8. Phải trả dài hạn khác,9. Doanh thu chờ phân bổ ngắn hạn,C. NỢ PHẢI TRẢ,D. VỐN CHỦ SỞ HỮU,III. Tài sản sinh học dài hạn,IV. Bất động sản đầu tư,V. Tài sản dở dang dài hạn,V. Tài sản sinh học ngắn hạn,VI. Tài sản ngắn hạn khác,VI. Đầu tư tài chính dài hạn,VII. Tài sản dài hạn khác,a) Súc vật nuôi cho sản phẩm định kỳ chưa đến giai đoạn trưởng thành,a_liabilities,a_short_term_assets,accumulated_depreciation,accumulated_retained_earning_at_the_end_of_the_previous_period,assets,assets_awaiting_resolution,assets_revaluation_differences,b) Súc vật nuôi cho sản phẩm định kỳ đến giai đoạn trưởng thành,b_long_term_assets,b_owners_equity,bonus_and_welfare_fund,c_minoritys_interest,capital_at_inter_company,cash,cash_and_cash_equivalents,cash_equivalents,common_stock_with_voting_right,construction_contract_progress_payments_due_to_suppliers,construction_contract_progress_receipts_due_from_customers,construction_in_progress,convertible_bond_option,convertible_bonds,cost,deferred_income_tax_assets,deferred_income_tax_liabilities,finance_lease_fixed_assets,financial_reserves,fixed_assets,foreign_exchange_differences,fund_for_technology_development,fund_to_support_corporate_restructuring,funds_invested_in_fixed_assets,goodwill,government_bonds,held_to_maturity_investments,ii_other_resources_and_funds,intangible_fixed_assets,inter_company_payables_on_business_capital,inventories,investment_and_development_fund,investment_in_associates,investment_in_subsidiaries,investment_properties,investments_in_associates_joint_ventures,investments_in_other_entities,long_term_acrrued_expenses,long_term_advances_from_customers,long_term_assets_in_progress,long_term_borrowings_and_financial_leases,long_term_equipment_supplies_spare_parts,long_term_financial_investments,long_term_inter_company_payables,long_term_inter_company_receivables,long_term_liabilities,long_term_loan_receivables,long_term_prepayments,long_term_prepayments_to_suppliers,long_term_production_in_progress,long_term_receivables,long_term_trade_payables,long_term_trade_receivables,long_term_unearned_revenue,minority_interest,other_capital_of_owners,other_funds_from_owners_equity,other_long_term_assets,other_long_term_investments,other_long_term_liabilities,other_long_term_receivables,other_short_term_assets,other_short_term_payables,other_short_term_receivables,owners_capital,owners_equity,payable_to_employees,period,preferred_stock,price_stabilization_fund,provision_for_decline_in_value_of_inventories,provision_for_diminution_in_value_of_long_term_investments,provision_for_long_term_doubtful_debts,provision_for_long_term_liabilities,provision_for_severance_allowances,provision_for_short_term_doubtful_debts,provision_for_short_term_liabilities,reserves_for_investment_in_construction,share_premium,short_term_acrrued_expenses,short_term_advances_from_customers,short_term_borrowings_and_financial_leases,short_term_financial_investments,short_term_inter_company_payables,short_term_inter_company_receivables,short_term_liabilities,short_term_loan_receivables,short_term_prepayments,short_term_prepayments_to_suppliers,short_term_trade_accounts_payable,short_term_trade_accounts_receivable,subsidized_not_for_profit_funds,tangible_fixed_assets,taxes_and_other_payables_to_state_authorities,taxes_and_other_receivables_from_state_authorities,total_assets,total_liabilities_equity,trading_securities,treasury_shares,undistributed_earnings_after_tax,undistributed_earnings_in_this_period,value_added_tax_to_be_reclaimed,vii_goodwill
-619995564052.0,1160007098166.0,225502348690.0,7443662303421,4883108025108,1554684136787.0,315041220972.0,10719016444406.0,113223880719.0,12350476840.0,252290405144.0,749549543909.0,13931428931.0,34110709700.0,9252567528.0,8327122800.0,23569019796.0,23001979777141.0,-23983512327.0,763205704778.0,24422980392.0,328934959443.0,231833465495.0,100888748204.0,1865098650340.0,-19613896706.0,,564880966.0,227229090.0,18740931850130.0,36688079277039.0,1563936704315.0,51369343671.0,952283160014.0,328972649903.0,357436468461.0,731122842851.0,2003654299617.0,413666824359.0,,38757016956726,-47453335214,8522574039949.0,,,,1141017312428.0,16671994170443,,,,,2003596293461,2077596293461,74000000000.0,20899554450000.0,,,952283160014,,,98822678885,75102886837.0,,,,11345204839583,388309576235.0,,,,768544314614.0,,,,1008862930055,,7399150703886,78722924597,559643875893.0,,,,94573731081.0,,,,31134191400.0,,,,,283989477510,,,,,24422980392.0,,,,3821538443256.0,746826728845.0,,,,,,,,,20899554450000,36688079277039,,2026-Q1,,,-44511599535,-844836861,,,,,,,,,308888346918,10334848158086.0,23002417266337,,,18456942372620,,,399014486833,4069389793645,5591443574678,,10336341909528,,,55429011127169,55429011127169,1282326057,,,2196442404457.0,108365099975,
,1104735884699.0,150006422830.0,6897878201557,4701653413423,,,8522576422223.0,102362732591.0,15062839525.0,245547119760.0,953046624309.0,,34110709700.0,,,30080415934.0,21354423944404.0,-23983512327.0,1803999103453.0,23255275322.0,915887527352.0,321578564134.0,375293977732.0,1754110130538.0,-33776940319.0,,614465489.0,,18829355431194.0,34483015286107.0,,51780183216.0,1320803519138.0,,244438664693.0,957072946110.0,2049361473261.0,,,36261180908033,-47042495669,5330404883138.0,,,,,17051189809268,,,,,1630879718871,1794879718871,164000000000.0,20899554450000.0,,,871782892761,,,98822678885,115261492741.0,,,,12648916412221,403591671521.0,,,,829364095821.0,,,,1030797450245,,6839279842936,78722924597,511184069624.0,,,,94578411081.0,,,,62907826150.0,,,,,309069411399,,,,449020626377.0,23255275322.0,,,,3797632379221.0,746826728845.0,,,,,,,,,20899554450000,34483015286107,,2025-Q4,,,-58598358621,-849021293,,,,,,,,,253080586375,9393736731992.0,21354863600460,,,18520286019795,,,443955080617,3923308706878,6027719081073,,11618118961976,,,53312370717301,53312370717301,1288677349,,,3192171539085.0,64351825929,
,982715156021.0,150922603742.0,6348324750984,4813124478938,,,11926642770429.0,90417007671.0,8782792507.0,248892505573.0,940713307888.0,,34110709700.0,,,32330671697.0,21133713688290.0,-23983512327.0,1945039428713.0,20826155877.0,795316455258.0,276401654686.0,310294746753.0,2174601563904.0,-18373793693.0,,654969852.0,110138188.0,17725023298796.0,37952798707867.0,,52191022746.0,1220522383830.0,,239285283586.0,820153506859.0,1954084125070.0,,,38746850813464,-46631656139,6066482401963.0,,,,,16930971193199,,,,,1427466367051,5154466367051,3727000000000.0,20899554450000.0,,,802593369453,,,98822678885,79833541328.0,,,,12862945466334,412111093973.0,,,,891535427721.0,,,,1050957119447,,6308583334358,78722924597,439261377352.0,,,,94580895081.0,,,,147666530200.0,,,,,397214005625,,,,417929014377.0,21074688360.0,,248532483.0,,3854830030323.0,746826728845.0,,,,,,,,,20899554450000,37952798707867,,2025-Q3,,,-39741416626,-1058421812,,,,,,,,,272600338602,8124847764469.0,21133947314899,,,17327809293171,,,320501373067,3494295296543,5910568513570,,11811988346887,,,55677822006663,55677822006663,1292048421,,,5860160368466.0,56032008147,
,853505075208.0,177790644060.0,7090237799909,4539163648054,,,9620701471578.0,96211311467.0,12272058647.0,252126712506.0,720316773910.0,,34110709700.0,,,28752161682.0,22249186121757.0,-23582690668.0,1500902426957.0,20202578311.0,1034092072617.0,250161376827.0,100293119549.0,2229705527965.0,-22163690251.0,,711927552.0,43636369.0,19595608095818.0,35687053148557.0,,52629612552.0,1494635752321.0,,312263329207.0,813459142512.0,1861528674115.0,,,38255091705279,-46193066333,6025637344335.0,,,,,17027569539096,,,,,2137443286245,2498443286245,361000000000.0,20899554450000.0,,,1121875056138,,,98822678885,54316839286.0,,,,12784785512923,394438028227.0,,,,953706759621.0,,,,1064163354047,,7047730548255,78722924597,642173074550.0,,,,94575639081.0,,,,152078435000.0,,,,,404917075058,,,,372760696183.0,20530844673.0,,328266362.0,,3912698835610.0,746826728845.0,,,,,,,,,20899554450000,35687053148557,,2025-Q2,,,-42507251654,-1052578600,,,,,,,,,410601427538,9636808735983.0,22249418458587,,,19190691020760,,,596144052565,4333667745097,6147236082985,,11720622158876,,,55282661244375,55282661244375,1284915430,,,3595064127243.0,105720523465,
,785471676757.0,163774696564.0,7015839015752,4116404286198,,,4474317011269.0,123038432343.0,9998580158.0,254856001332.0,432665559117.0,,34110709700.0,,,21612242149.0,23170488638643.0,-23582690668.0,418356794017.0,17985169594.0,935972965503.0,217416350607.0,,1680684007050.0,-21154130974.0,,711627552.0,153774551.0,17391301675751.0,37622488552015.0,,53123702862.0,1661906998506.0,,250704917422.0,709385535593.0,1853359584072.0,,,38407988421683,-45698976023,3207047921023.0,,,,,16605801806083,,,,,1228704316626,2538024316626,1309320000000.0,20899554450000.0,,,1301484848015,,,98822678885,52685591141.0,,,,12309661362750,321288279533.0,,,,1015202316174.0,,,,1017036595952,,6979212103573,7221110105727,638412747180.0,,,,94555479081.0,,,,153956088000.0,,,,,409523716884,,,,360422150491.0,18364622300.0,,379452706.0,,3925281266941.0,746826728845.0,,,,,,,,,20899554450000,37622488552015,,2025-Q1,,,-36626912179,-927498172,,,,,,,,,123043188304,10060066017395.0,23170818696485,,,16981777958867,,,438005266850,3916355255325,5469228387577,,11292624766798,,,55013790227766,55013790227766,1257556014,,,1267269090246.0,65317978709,
,,,5723932310689,4793132726166,,,,,,,,,,,,,,,,,,,,,,263912732.0,,,,,,,,,,,,,18874658707398.0,37553650065098,-45204885713,349300113785.0,,,,,17495411471963,36174402829663.0,679981823727.0,,,1877943732075,2225943732075,348000000000.0,20899554450000.0,,,1135109762887,,,98822678885,92172946105.0,256485039756.0,,,12550564799221,295734210956.0,,,,1076022097381.0,,23939761031294.0,,1030363831722,,5686840161996,7079114621362,,,53617793172.0,622223692780.0,94548675081.0,,,1539776005637.0,157903902450.0,,1373189677193.0,,,415111869758,,792476015491.0,,404666242750.0,17592137763.0,,398152069.0,,3895583288658.0,499080803215.0,,1960671058977.0,,722927552.0,17193985694.0,147018887251.0,1148532208981.0,896479529747.0,20899554450000,36174402829663,307904216360.0,2024-Q4,,,-37092148693,-24503372406.0,,,,-22332866679.0,11775786301.0,,34110709700.0,2115775261996.0,191336029327,9115435107250.0,23260088671767,,,18459546837640,,89544473336.0,566479222775,3874064349587,6233758612009,,11520200967499,1014478141379.0,23893436192.0,55049061537061,55049061537061,1248322211,,3471224745772.0,3121924631987.0,33580977723,
,,,6131878698983,4528319895015,,,,,,,,,,,,,,,,,,,,,,110138186.0,,,,,,,,,,,,,22432804394570.0,40582371278735,-44710795421,384897395385.0,,,,,17094709027717,35244275911882.0,580478178015.0,,,1421234711174,2616234711174,1195000000000.0,20899554450000.0,,,1481103194800,,,98822678885,32117091872.0,252352740572.0,,,11854249093819,205025209067.0,,,,1138317394539.0,,26582733245320.0,,1029683038230,,6103016741628,6863056624805,,,54111883464.0,608097682972.0,94519479081.0,,,1925682622540.0,157809038000.0,,1279281871385.0,,,411532810496,,794384673697.0,,444579427740.0,16564396401.0,,558683712.0,,3873192446288.0,499080803215.0,,1964819160108.0,,1371031924.0,16005712689.0,274067893353.0,5257235831829.0,727521840281.0,20899554450000,35244275911882,266678425215.0,2024-Q3,,,-28861957355,-24433674922.0,,,,-17590899848.0,9407036844.0,,34110709700.0,1857280909375.0,146441611517,8291496866090.0,25982843560980,,,22021271584074,,138205060489.0,367957536152,3667238741508,5606208371600,,10824566055589,1944903845495.0,14417280443.0,57677080306452,57677080306452,1208699914,,2870255668807.0,2485358273422.0,121445552421,
,,,6551775627864,5132578641172,,,,,,,,,,,,,,,,,,,,,,220276367.0,,,,,,,,,,,,,15856506854537.0,37332761258942,-44216705111,2119827673659.0,,,,,16861192929052,38337447333457.0,509331753572.0,,,1018562887528,1198562887528,180000000000.0,20899554450000.0,,,1229396882718,,,98822678885,10953045397.0,268753728246.0,,,12295719976946,288087079741.0,,,,1199157602325.0,,23169062748920.0,,1053860063858,,6524270542824,6624903112567,,,54605973774.0,614457103419.0,102012967081.0,,,1633388249708.0,183388966131.0,,831442109832.0,,,453196649401,,818508689475.0,,403991366990.0,17417281595.0,,586937810.0,,3991321826705.0,499080803215.0,,2028619337197.0,,1053955024.0,16830343785.0,234189598842.0,103374886454.0,888386893836.0,20899554450000,38337447333457,236955555043.0,2024-Q2,,,-27505085040,-24458889525.0,,,,-16019506581.0,18092431864.0,,34110709700.0,1896467692813.0,97078241927,7794314406895.0,23030876331498,,,15403310205136,,118461756717.0,339915869823,3726118323902,6344861898250,,11241859913088,1021356636299.0,11724710653.0,54193954187994,54193954187994,1244511435,,6000389351529.0,3880561677870.0,104003131472,
,,,6807924664755,4665002106326,,,,,,,,,,,,,,,,,,,,,,153774548.0,,,,,,,,,,,,,15786279136236.0,35013917574413,-43722614801,2045272103489.0,,,,,16639952197317,35867590635494.0,267128212022.0,,,790185177929,1788254863348,998069685419.0,20899554450000.0,,,917738533517,,,98822678885,21371399296.0,279067570409.0,,,12472420651267,239640995064.0,,,,1260542631131.0,,20267999983760.0,,1063914614582,,6780799942377,6365526939523,,,55100064084.0,612917225861.0,101994859081.0,,,1288192003791.0,211808624280.0,,691579094274.0,,,491891149713,,834078714989.0,,370453470274.0,16667638485.0,,,,4013420132830.0,499080803215.0,,2115992745416.0,,1014955024.0,16667638485.0,308119420639.0,2017634433378.0,804396350441.0,20899554450000,35867590635494,227297262815.0,2024-Q1,,,-27124722378,-24423882525.0,,,,-15380274447.0,17114756145.0,,34110709700.0,1628118782154.0,148395646131,6616831614710.0,20268129028720,,,15294387986523,,180687460986.0,414596137009,3747004143067,5868614319329,,11408506036685,624709361553.0,28736885356.0,51653869771730,51653869771730,1219936817,,3816256605162.0,1770984501673.0,98695074297,
,,,6165935294543,4808183557645,,,,,,,,,,,,,,,,,,,,,,263912729.0,,,,,,,,,,,,,17647627338990.0,35935879621477,-43228524491,1068453760015.0,,,,,16737491482983,35025743765470.0,572091525798.0,,,1025487470250,2912027359925,1886539889675.0,20899554450000.0,,,554943939096,,,98822678885,14448509586.0,269397911776.0,,,12689652377511,174100152253.0,,,,1321927659937.0,,20287117597900.0,,1001132072466,,6128081805088,6163736586996,,,55594154394.0,602591028932.0,101975059081.0,,,936923649898.0,238476074100.0,,831227597345.0,,,508937364128,,871585543337.0,,381979710802.0,16131990975.0,,,,3328929059319.0,499080803215.0,,2207961712860.0,,1063378252.0,16131990975.0,228821471970.0,1193900858465.0,1080803411003.0,20899554450000,35025743765470,289224237367.0,2023-Q4,,,-37853489455,-24405354070.0,,,,-14901098023.0,16770514285.0,,34110709700.0,1910204625860.0,164712782108,8217757172267.0,20137243800460,,,17138689974862,,82860441483.0,655619313409,3805885429198,6529705184034,,11688520305045,967878916785.0,46532076031.0,52673371104460,52673371104460,1193065962,,3926232003987.0,2857778243972.0,99428954456,
,,,5723674480049,4432011912404,,,,,,,,,,,,,,,,,,,,,,113128183.0,,,,,,,,,,,,,20964371994291.0,37680161943052,-42734434199,1364876145015.0,,,,,17287274060546,34003064009307.0,384056608377.0,,,4244364731244,6875567986039,2631203254795.0,20899554450000.0,,,1193063832573,,,98822678885,,280834053267.0,,,12056272942904,175723530911.0,,,,1383312688743.0,,19711884160625.0,,1013283206497,,5697772718120,5932206859820,,,56088244686.0,646178772341.0,101976499081.0,,,1536422017821.0,282904335540.0,,1424817180754.0,,,565044030094,,814214244187.0,,343358185248.0,16146741451.0,,,,3347498534087.0,202658418215.0,,2197526932930.0,,1305641287.0,16146741451.0,163264621233.0,5258187477813.0,880916713917.0,20899554450000,34003064009307,274518436681.0,2023-Q3,,,-25901761929,-24293654323.0,,,,-14781734039.0,10372921350.0,,34110709700.0,1720002534780.0,200125679398,6873932117860.0,19012123617176,,,20399327964197,,76718813343.0,633286108202,3550757750659,5931433000484,,11042989736407,2127261309096.0,6739157106.0,54967436003598,54967436003598,1195020206,,3411311506574.0,2046435361559.0,79806650784,
,,,6346256682126,4504795196787,,,,,,,,,,,,,,,,,,,,,,1206182798.0,,,,,,,,,,,,,14308732050657.0,33403479517290,-42240343889,3350333817760.0,,,,,17565302240360,36660049706993.0,331719332324.0,,,791780310675,1582506692207,790726381532.0,20899554450000.0,,,1601924614917,,,98822678885,,284915713261.0,,,11821447407199,94662621098.0,,,,1444697717550.0,,19882768037732.0,,1018880160431,,6319892419521,5679501872971,,,56582334996.0,651216537436.0,101950939081.0,,,1892251651054.0,279412788750.0,,1529822285849.0,,,565949667885,,804275672011.0,,290327036137.0,16225171701.0,,,,3191807512910.0,202658418215.0,,2248973389561.0,,1621165874.0,16225171701.0,275686931178.0,116353929697.0,889077893089.0,20899554450000,36660049706993,225893621921.0,2023-Q2,,,-26364262605,-24273017193.0,,,,-14282683869.0,11824644148.0,,34110709700.0,1512085307370.0,315814573879,6128144184250.0,19083000543582,,,13742782382772,,101959527803.0,762802524795,3483236724486,6142392930802,,10802567246768,1616503881899.0,3680440858.0,50968781757650,50968781757650,1160332375,,6557754122099.0,3207420304339.0,170046962517,
,,,6731269100954,4960431442318,,,,,,,,,,,,,,,,,,,,,,3069930805.0,,,,,,,,,,,,,14754559329281.0,32394853632375,-41734607490,3350333817760.0,,,,,16869931859724,34510226162818.0,165473893223.0,,,925091957178,2011202511723,1086110554545.0,20899554450000.0,,,1539194954380,,,98822678885,3155135084.0,283828750408.0,,,11893893630404,80631965406.0,,,,1506082746356.0,,16815864170200.0,,1028895216262,,6704642178199,5444399294521,,,57088071395.0,662417542014.0,101946619081.0,,,1808138594423.0,61054012500.0,,755781470427.0,,,346676448782,,807403361320.0,,268943640043.0,38388850315.0,,,,3008635837602.0,202658418215.0,,2316641242760.0,,1793685874.0,38388850315.0,258410189158.0,125818309329.0,873056716344.0,20899554450000,34510226162818,220689107592.0,2023-Q1,,,-26626922755,-24269529227.0,,,,-13784562100.0,16670449097.0,,34110709700.0,1371334324629.0,376266587860,6889265980740.0,16801331801284,,,14407882880499,,117728696511.0,799563355449,4636741550147,6619266952011,,10864998414142,602552747077.0,3515597100.0,49264785492099,49264785492099,1154469643,,4840235487374.0,1489901669614.0,137165895547,
,,,5560169453504,4633942510271,,,,,,,,,,,,,,,,,,,,,,4161405120.0,,,,,,,,,,,,,15666145881135.0,31560382174201,-41228871102,2682865082625.0,,,,,16922282062019,32816518355085.0,402163642465.0,,,1327429518437,2299943527624,972514009187.0,20899554450000.0,,,1470582553037,,,98822678885,34985203461.0,287982294609.0,,,11903207642940,92498048227.0,,,,,,17413585718627.0,,1042841135518,,5537563396117,5266761584973,,,57593807783.0,664302778018.0,101950219081.0,,,1805129940386.0,66028725000.0,,742670306431.0,,,357722799611,,772804663141.0,,334547387349.0,38422722715.0,,,,2967467051304.0,202658418215.0,,807789866602.0,,3711780002.0,38422722715.0,208417050923.0,3055541590234.0,890466200571.0,20899554450000,32816518355085,287914221269.0,2022-Q4,,,-22606057387,-24272435865.0,,,,-13445724800.0,26635759312.0,,34110709700.0,1620874538443.0,161708567120,4867129839103.0,17414055328683,,,15308423081524,,97570693043.0,589439884812,4284158390163,6100402870854,,10860366507422,598135128295.0,21642258341.0,48482664236220,48482664236220,1159355253,,3353468092666.0,670603010041.0,89204099539,1567467775162.0
,,,5792936495639,4551764192610,,,,,,,,,,,,,,,,,,,,,,274155514.0,,,,,,,,,,,,,17355518040395.0,34373292456500,-40680430726,2682865082625.0,,,,,16826610965664,33844385381769.0,259197020523.0,,,1904312680816,2867857717514,963545036698.0,20899554450000.0,,,1282753156302,,,98822678885,,296728348098.0,,,11989258352342,125192186364.0,,,,,,19533087992528.0,,1061598426429,,5777310525795,5065071602264,,,58142248159.0,670204361068.0,101960299081.0,,,1690361095198.0,71579812500.0,,753081870477.0,,,372252790415,,690273442325.0,,407607938896.0,16641153195.0,,,,2702967265561.0,202658418215.0,,690273442325.0,,3944629817.0,16641153195.0,240402259591.0,135535754596.0,831844423117.0,20899554450000,33844385381769,270909683834.0,2022-Q3,,,-15625969844,-19780673456.0,,,,-13572507990.0,8546448164.0,,34110709700.0,1519189784477.0,239770870256,9405653167691.0,19533563143705,,,16983265249980,,151723233852.0,584122702158,3374576488096,5954158809895,,10927659925913,1769611876829.0,3158851837.0,51199903422164,51199903422164,1173034961,,4814830749665.0,2131965667040.0,85520173902,1628852803968.0
,,,7111593809810,4599132964101,,,,,,,,,,,,,,,,,,,,,,287136362.0,,,,,,,,,,,,,17021656898873.0,36871285863860,-40046582362,4668322755375.0,,,,,16970890135803,36820519100790.0,280680307623.0,,,1200418415119,4507497088287,3307078673168.0,20899554450000.0,,,1184523790998,,,98822678885,6055671632.0,298635132074.0,,,12266369373175,56944833821.0,,,,,,18975699987622.0,,1066131193656,,7096208618612,4822828235270,,,58776096523.0,667313072613.0,101938879081.0,,,1477040783289.0,74459700000.0,,750169162022.0,,,377445998543,,705958127692.0,,292516992291.0,16283088695.0,,,,2684554607037.0,202658418215.0,,712013799324.0,,4351166469.0,16283088695.0,251407031377.0,141017495259.0,881392879970.0,20899554450000,36820519100790,224015927915.0,2022-Q2,,,-15385191198,-19763378960.0,,,,-13124376459.0,9906368196.0,,34110709700.0,1431428335194.0,199280096694,9701229190460.0,18976163363916,,,16644210900330,,89010262006.0,572608294056,3762720656938,6040009761668,,11200238179519,893645385689.0,4067176223.0,53842175999663,53842175999663,1143965582,,8119867846747.0,3451545091372.0,158329593148,1690237832775.0
,,,7709372077826,4593058625517,,,,,,,,,,,,,,,,,,,,,,240547998.0,,,,,,,,,,,,,18018316689141.0,35452395671778,-39412733998,4668322755375.0,,,,,17543132559393,34977211542030.0,189758003369.0,,,906974752516,1680858133124,773883380608.0,20899554450000.0,,,919515012423,,,98822678885,,308132869448.0,,,12453688352626,7038336883.0,,,,,,20432374946053.0,,1074915098333,,7665947194796,4575217135935,,,59409944887.0,656687455821.0,101923219081.0,,,1191994113675.0,70663500000.0,,1339527885230.0,,,410402534593,,730175590899.0,,272479101252.0,16713810495.0,,,,2779254816308.0,202658418215.0,,730175590899.0,,31606165145.0,16713810495.0,248132285985.0,124160218261.0,787765239170.0,20899554450000,34977211542030,216379441316.0,2022-Q1,,,-43424883030,-19750735084.0,,,,-12609302999.0,8812145444.0,,34110709700.0,1272817905742.0,116501196540,10942647333716.0,19832829713819,,,17607914154548,,90468078225.0,656413782366,4140294162819,6024628344054,,11378773254293,596303199343.0,4140673872.0,52995528231171,52995528231171,1122713178,,6479377674989.0,1811054919614.0,153523533888,1751622861581.0
,,,6820486391670,4367766482060,,,,,,,,,,,,,,,,,,,,,,3983400698.0,,,,,,,,,,,,,17482289188835.0,36109910649785,-38772785209,2521098332953.0,,,,,17222492788434,35850114249384.0,507365624913.0,,,1187350251579,2348551874348,1161201622769.0,20899554450000.0,,,834818937515,,,98822678885,27147520911.0,316335261505.0,,,12706598557849,253569601.0,,,,,,21025282199093.0,,1086503968330,,6773071634017,4352441335060,,,60049893676.0,661023754422.0,101921059081.0,,,1130023695910.0,75636000000.0,,743862023831.0,,,413872193316,,725108101375.0,,295204758395.0,16695104495.0,,,,2766835388433.0,202658418215.0,,752255622286.0,,21900931811.0,16695104495.0,140522619154.0,114417067658.0,810697107773.0,20899554450000,35850114249384,304671997074.0,2021-Q4,,,-47414757653,-19748991102.0,,,,-12257493261.0,10290982323.0,,34110709700.0,1817263017920.0,66036392886,9382354118118.0,21025735779475,,,17068416995519,,57272673101.0,655822646219,4213887652294,5822028742791,,11620094589519,648146741635.0,4237831328.0,53332403438219,53332403438219,1119781812,,7594260378375.0,5073162045422.0,79012114725,1813007890387.0
,,,6410434510128,4459917129465,,,,,,,,,,,,,,,,,,,,,,267000815.0,,,,,,,,,,,,,18192841472371.0,34446542339559,-37859490025,2521098332953.0,,,,,17621216868681,33874917735869.0,437875223020.0,,,1432929886920,2051857098275,618927211355.0,20899554450000.0,,,817527252130,,,98822678885,,318067646960.0,,,13058194375719,-16564157140.0,,,,,,19752956259213.0,,1098770435134,,6380809878105,4132854408049,,,60963188860.0,675883233983.0,101918899081.0,,,1115082745335.0,80626092834.0,,764478911041.0,,,426749546167,,722697318872.0,,297555493205.0,25407409661.0,,,,2778526982018.0,202658418215.0,,722697318872.0,,28055806373.0,25407409661.0,142235736017.0,107338086664.0,807107394215.0,20899554450000,33874917735869,279157677513.0,2021-Q3,,,-29624632023,-14253637739.0,,,,-14587454783.0,15163750318.0,,34110709700.0,1524441462218.0,242584395198,9038248667322.0,19753142693943,,,17766091926204,,74707575214.0,866059864322,3709048316608,6118496933219,,11959423940585,2411967346528.0,2237521000.0,52067759208240,52067759208240,1116850446,,5843776925027.0,3322678592074.0,65290639803,1874392919193.0
,,,6876983730958,4603103630069,,,,,,,,,,,,,,,,,,,,,,98220000.0,,,,,,,,,,,,,18671295879023.0,35042535233833,-36815622052,2521098332953.0,,,,,18004133795359,34375373150169.0,429313522976.0,,,1261476873446,1663036014269,401559140823.0,20899554450000.0,,,990811133815,,,98822678885,8997063802.0,324997591760.0,,,13223395767565,13283454116.0,,,,,,19971034155350.0,,1121816903875,,6842795582767,3844015723908,,,62007056833.0,661334533663.0,101928259081.0,,,1268424820998.0,157817900434.0,,749939570721.0,,,544274607850,,730264994725.0,,277613687183.0,25326572715.0,,,,2750729913933.0,202658418215.0,,739262058527.0,,61459115656.0,25326572715.0,195175017362.0,135300833401.0,805655807367.0,20899554450000,34375373150169,230751499532.0,2021-Q2,,,-34188148191,-14264219895.0,,,,-15298930104.0,17013702018.0,,34110709700.0,1460331652825.0,360506124003,9481532928054.0,19971222710510,,,18127021271173,,106404763709.0,976845401593,4402754822880,6370305908925,,12101578863690,1609417965484.0,5944855684.0,53046669029192,53046669029192,1129553032,,6631020480297.0,4109922147344.0,82825397969,1935777948000.0
,,,6514512235046,3946331935127,,,,,,,,,,,,,,,,,,,,,,3965406139.0,,,,,,,,,,,,,17087270259224.0,32834546632146,-35771754079,4820049322453.0,,,,,18216664248505,33963940621427.0,195576862286.0,,,869981048166,1197956795582,327975747416.0,20899554450000.0,,,828764025056,,,98822678885,13966984537.0,332135056191.0,,,13581563074872,1084775702.0,,,,,,19542606742152.0,,1131385809125,,6465943104329,3552461470108,,,63050924806.0,677640296870.0,101923579081.0,,,1054308307292.0,162103516784.0,,766806577828.0,,,554453926269,,719856192649.0,,225544282236.0,19949209715.0,,,,2631924353171.0,202658418215.0,,733823177186.0,,60215353294.0,19949209715.0,307502064803.0,143379171868.0,736497645071.0,20899554450000,33963940621427,243632844343.0,2021-Q1,,,-48569130717,-13693004917.0,,,,-15718433428.0,17576674634.0,,34110709700.0,1403844671605.0,222037194417,9247097278828.0,19542794237097,,,16532816332955,,202707221650.0,653239283565,4384135429137,5320350430335,,12450177265747,671570799698.0,28000585036.0,51051210880651,51051210880651,1123201739,,6642146444531.0,1822097122078.0,76794258117,1997162976806.0
,,,4952848688011,4173563213813,,,,,,,,,,,,,,,,,,,,,,15927234779.0,,,,,,,,,,,,,14785358443807.0,29665725805058,-21484297403,1578060922710.0,,,,,18766754868571,33647122229822.0,559325621730.0,,,863853260384,2111242815581,1247389555197.0,20899554450000.0,,,793821481341,,345559109946.0,81481271444,24854170720.0,,,,13853807867036,10647239612.0,,,,,,17513492116838.0,,1136500988622,,4905068613616,3286241911090,,,59996974041.0,686485729063.0,101924299081.0,,,1062633519957.0,167421748884.0,,973440912476.0,,,572712158332,19974111715.0,713499307014.0,,268812038616.0,19974111715.0,,,,2349939498572.0,202658418215.0,,738353477734.0,,59731299502.0,,148481428818.0,145835054429.0,483737475103.0,20899554450000,33647122229822,279673306451.0,2020-Q4,,,-47780074395,-15905636474.0,,,,-16434079108.0,15278019908.0,,,1910213748076.0,111159982412,7316497078307.0,17313679774893,,,14212646285475,150000000.0,57414707597.0,546236562342,3199186016787,5187253172150,,12717306878414,659550222596.0,53908051005.0,48432480673629,48432480673629,1124178861,-11644956120.0,6909725668453.0,5331664745743.0,37158670216,2058548005612.0
,,,5260129092778,4609296981692,,,,,,,,,,,,,,,,,,,,,,338102717.0,,,,,,,,,,,,,18704936040491.0,31541319633765,-21073457873,1780719340924.0,,,,,18855137883156,31691521476430.0,555320994769.0,,,995896481579,2335881481579,1339985000000.0,20899554450000.0,,,986075537673,,,81481271444,6149790612.0,355658195893.0,,,13954302484978,16386206049.0,,,,,3262803256.0,17871714073333.0,,1108791678041,,5246489877728,3081189447472,,,60407813571.0,678290520804.0,101927179081.0,,,1259274745737.0,176301073571.0,,767256144971.0,,,540790459406,,681055051641.0,,273199208064.0,18819937295.0,,,,2344526691994.0,,,687204842253.0,,8831189942.0,18819937295.0,110082260219.0,3652399890063.0,885467143906.0,20899554450000,31691521476430,232503697170.0,2020-Q3,,,-13639215050,-13801050974.0,,,,-16569443176.0,6638096961.0,,,1586093448163.0,166642125092,6423212089774.0,17872002664622,,,18164145581085,22870498078.0,59119841358.0,475798169117,3417205684642,5976863349617,,12845510806937,2123791451734.0,,50396457516921,50396457516921,1128087349,-11644956120.0,5361509637035.0,3580790296111.0,47699615605,2107871914351.0
,,,5709730898950,4399627020704,,,,,,,,,,,,,,,,,,,,,,328805116.0,,,,,,,,,,,,,17241110573049.0,30073376341979,-20568172188,5263395860924.0,,,,,19523433604246,32355699373176.0,513065266628.0,,,2044667357252,2176667357252,132000000000.0,17416877930000.0,,,901901291757,,,81481271444,6561660396.0,362290795399.0,,,14315882350284,19588834129.0,,,,,2111752801.0,16662771897081.0,,1122652151828,,5696221872518,2773515033707,,,60913099256.0,684048772653.0,101927899080.0,,,1142839397808.0,182356135696.0,,1074177901960.0,,,559389313551,123328000.0,672458112694.0,,240938106051.0,19451127295.0,,,,2220121533566.0,,,679019773090.0,,14742382456.0,19327799295.0,162735537477.0,2792310928500.0,747652063638.0,17416877930000,32355699373176,216375873207.0,2020-Q2,,,-13509026432,-12638992985.0,,,,-16116376209.0,8439054613.0,,,1693380025578.0,234824364052,6189353009901.0,16363060738340,,,16681721259498,2948765507.0,82921568374.0,540579362752,3117601233572,5674690836392,,13193230198456,1916042698331.0,,49596809946225,49596809946225,1129064471,-11644956120.0,9937240997894.0,4673845136970.0,77702216302,2231149954553.0
,,,5743959650794,3742853911024,,,,,,,,,,,,,,,,,,,,,,7479265238.0,,,,,,,,,,,,,13826962983067.0,26461638721175,-20015663448,7875462401924.0,,,,,19612088297814,32246764035922.0,261193046818.0,,,1028411866875,1379711866875,351300000000.0,17416877930000.0,,,817455038064,,,81481271444,3645227753.0,370689928262.0,,,14589591346307,44454590088.0,,,,,3940268860.0,14519994892840.0,,1139560570466,,5733793403343,2469800368828,,,61465607996.0,678593095686.0,104558824212.0,,,1037746525983.0,119643482893.0,,922935784641.0,,,511989562860,308320000.0,678291118285.0,,220291487919.0,19717282895.0,,,,2236285466435.0,,,681936346038.0,,21656151705.0,19408962895.0,266131304574.0,183733169783.0,581646262940.0,17416877930000,32246764035922,183126208062.0,2020-Q1,,,-10166247451,-11070537917.0,,,,-17501972997.0,8438020491.0,,,1522689934927.0,223415731424,6149806942796.0,14370288608530,,,13314973420207,15814336327.0,191908873075.0,388901000559,3981497996603,4711713537853,,13450030775841,793593104065.0,,46073727018989,46073727018989,1148118350,-11644956120.0,10090990636691.0,2215528234767.0,70282162639,2298695403954.0
,,,4996114799978,3474498518959,,,,,,,,,,,,,,,,,,,,,,2111168658.0,,,,,,,,,,,,,14968618181670.0,24721565376552,-19463154708,4543346786755.0,,,,,19978308009482,29731255204364.0,633936556611.0,,,2378583764655,2665194638452,286610873797.0,17416877930000.0,,,694211658507,,,81481271444,26367280852.0,374926875377.0,,,14893540216703,23174494894.0,,,,,4916942856.0,12635431874703.0,,1149630598102,,4983044403917,2200188373195,,,62018116736.0,688112587059.0,104537010212.0,,,943845551903.0,122992982893.0,,986676290429.0,,,525766348310,545312000.0,678630479869.0,,249633893396.0,21169968995.0,427916520.0,,,2227196960471.0,,,704997760721.0,,27418573520.0,20624656995.0,134427276260.0,1956364398828.0,438267517904.0,17416877930000,29731255204364,239520745753.0,2019-Q4,,,-13070396061,-6813893629.0,,,,-16794705625.0,8048885766.0,,,1738321908844.0,245247666160,5351461260191.0,12435744328964,,,14442851833360,31170336327.0,68634341838.0,576013061394,3648445576699,4503154728959,,13743909618601,619393665850.0,,44699873386034,44699873386034,1153041048,-11644956120.0,7875462401924.0,3332115615169.0,60875991566,2366060103995.0
,,,5005803992060,4296365444224,,,,,,,,,,,,,,,,,,,,,,465948676.0,,,,,,,,,,,,,12261224601874.0,22146344620561,-18907662217,4543346786756.0,,,,,17955508227195,27840628245882.0,365029705624.0,,,987873767363,1043473767363,55600000000.0,17416877930000.0,,,1065417691898,,,81481271444,16913947950.0,200671058583.0,3862308710.0,,13406776090507,22809392893.0,,,,,,9795737200486.0,,570301448654,,4990634977666,1991895881469,,,62573609227.0,1955776022297.0,72083707154.0,13708650325.0,,1310466712771.0,93806389962.0,,2026569686717.0,,,337162323893,1148421511.0,624567844983.0,,245049020873.0,20264171506.0,,,415848218.0,580536402501.0,,,641481792933.0,,25806335175.0,19115749995.0,174247411089.0,578729724411.0,653341478292.0,17416877930000,27840628245882,190073046910.0,2019-Q3,,,-15169014394,-1895901847.0,,2754041630.0,,-10515264035.0,7562376120.0,,,1576818860703.0,289188450552,4188147842196.0,10238285848104,,,11924062277981,,105004011500.0,760510957858,3690036928929,5699702616339,,12832612333143,1038009393860.0,,40101852847756,40101852847756,443154506731,-11644956120.0,7840153595139.0,3296806808383.0,69243399589,487376163534.0
,,,5558042713939,4115244550066,,,,,,,,,,,,,,,,,,,,,,6348839360.0,,,,,,,,,,,,,11252755465246.0,22089274019449,-18352169728,4543346786757.0,,,,,18097201646002,28933720200205.0,358448716959.0,,,826491290318,1676491290318,850000000000.0,17416877930000.0,,,1143476584853,,,81481271444,17377307464.0,203853552835.0,4112238529.0,,13210637069720,30703437710.0,,,,,,8863981243857.0,,310594816200,,5540929744702,1726647591960,,,63129101716.0,1882643775001.0,72086227154.0,13708650325.0,,1396947475014.0,188821030390.0,,1953808430503.0,,,436616077486,1787293049.0,883586446472.0,,253470890161.0,67351671984.0,,46423211940.0,415848218.0,594118914965.0,,,900963753936.0,,27157368960.0,19141166995.0,174026344180.0,572651324477.0,521239061465.0,17416877930000,28933720200205,168641411868.0,2019-Q2,,,-17112969237,-1529262736.0,,2659626758.0,,-9981783931.0,10412364911.0,,,1683364143467.0,257406204511,3272945064774.0,9306531479431,,,10816139387760,,73682616065.0,764793333218,3506021209689,5391295160818,,12895930014991,979900107744.0,,40186475665451,40186475665451,443157926658,-11623908360.0,9176996233930.0,4633649447173.0,100343728115,504364143129.0
,,,5370480311055,4251244955578,,,,,,,,,,,,,,,,,,,,,,6451361951.0,,,,,,,,,,,,,9382030969362.0,22040432596172,-58669145355,7155434314256.0,,,,,16264829196683,28923230823493.0,223199458163.0,,,1029154406312,1209154406312,180000000000.0,17416877930000.0,,,894649496153,,,147320450623,15799068109.0,206672783007.0,4393411643.0,,13090571280454,26919125269.0,,,,,462315064.0,9224297778110.0,,314090358794,,5353836025138,1449929685712,,,88651305268.0,484891039701.0,147642783223.0,109326868918.0,,1097167668592.0,218007911923.0,,631612251272.0,,,565361558092,2434285049.0,732120606558.0,,202518172439.0,87554893706.0,,67547427662.0,415848218.0,588764364413.0,,,747919674667.0,,28356907140.0,17573180995.0,289863803535.0,686170232496.0,455166167369.0,17416877930000,28923230823493,140918722803.0,2019-Q1,,,-16644285917,-1527692475.0,,2581238886.0,,-10321669431.0,6613126588.0,,,1403533243246.0,382030552891,2126083288960.0,9666846652579,,,8816669411270,,195901073135.0,824642255092,3177761240544,5520731708608,,12772087510017,663908183628.0,,38305261792855,38305261792855,443154995292,-10807345800.0,9451547063899.0,2296112749643.0,93500415336,521352122724.0
,,,5538304348980,3380017354930,,,,,,,,,,,,,,,,,,,,,,6910881322.0,,,,,,,,,,,,,11094739362252.0,20559756794837,-57072249864,3560050505957.0,,,,,16806351859342,26271369291927.0,507013437050.0,,,1072610167671,1522610167671,450000000000.0,17416877930000.0,,,653847678004,,,147320450623,36460665848.0,204757714031.0,,,13365353599098,27635831784.0,,,,,462315064.0,8731378417697.0,,317582167662,,5525845959354,1191672373593,,,90248200759.0,497498739617.0,72083527154.0,2054753617.0,,868245878253.0,215798919361.0,,1068660695119.0,,,455147352790,3143509548.0,750599476304.0,,214398200249.0,88443241642.0,,67658410631.0,415848218.0,490234549654.0,,,787060142152.0,,29607431175.0,17641321463.0,197925815821.0,2540327951932.0,394535471938.0,17416877930000,26271369291927,215270553609.0,2018-Q4,,,-12458389626,-1527299910.0,,2512686388.0,,-11263181092.0,4502303315.0,,,1437232532734.0,535552943437,1060047652329.0,8673926951890,,,10639592009462,,54821120257.0,876158254325,3991064706111,4639447900101,,13047771431436,341669047623.0,,37366108654179,37366108654179,443154262451,-10485707360.0,7155434314256.0,3595383808299.0,142642380500,538340102319.0
,,,4331976652237,4235883096045,,,,,,,,,,,,,,,,,,,,,,4750270950.0,,,,,,,,,,,,,8076222108091.0,18360115898846,-55475354395,3560050505957.0,,1341759857.0,,,15666315495522,25950209286277.0,376452727786.0,,,545784664818,630784664818,85000000000.0,17416877930000.0,,,1886022602390,,,147320450623,5799758289.0,185288571373.0,,,11621555848270,34006738492.0,,,,,462315064.0,7429833438605.0,,314998628515,,4320172955926,971862470616,,,91845096228.0,503231875554.0,72088747153.0,228596165802.0,,2087296764444.0,246268247487.0,,674700748738.0,,,695172060684,4043428184.0,636060459744.0,,201274162054.0,116065795456.0,,93126322660.0,1039560218.0,491346278971.0,,,641860218033.0,,31069756665.0,18896044612.0,176184749512.0,607771453859.0,440479822250.0,17416877930000,25950209286277,183493089292.0,2018-Q3,,,-11803696311,-1314215013.0,,2909759139.0,,-10628729716.0,11647496695.0,,,1180328235739.0,246420929400,956294678845.0,7772300444146,,,7381050047407,,92431366027.0,793597136008,2973930743991,5460673084444,,11306557219755,839960420850.0,,34026431394368,34026431394368,443161346585,-9851596440.0,7045967464638.0,3485916958681.0,83291068421,432991024353.0
,,,4901208541928,3743264814054,,,,,,,,,,,,,,,,,,,,,,6070831960.0,,,,,,,,,,,,,9647480149806.0,20818678622022,-53878458904,3560050505962.0,,129359577.0,,,15364851440316,26536049912532.0,329936876848.0,,,808435279374,1343435279374,535000000000.0,14514534290000.0,,,2283304204158,,,147320450623,22721349007.0,186934101020.0,,,11094916871141,22035145985.0,,,,,,8768310966630.0,,315191014155,,4885749046820,3365242121688,,,93441991719.0,500797618946.0,72075427154.0,219326848368.0,,2425259837554.0,243603105068.0,,572253172131.0,,,784757986928,3702337981.0,595192603070.0,,141955633396.0,114094900047.0,,91646857680.0,1039560218.0,491002725146.0,,,617913952077.0,,31842717040.0,18745704386.0,229481823436.0,566597855485.0,430587413534.0,14514534290000,26536049912532,156062380956.0,2018-Q2,,,-15459495108,-1303184262.0,,102011655214.0,,-9749898633.0,9993166732.0,,260699620761.0,1077969037974.0,365688934983,1797452552318.0,9210770926165,,,8862722162878,,87674648775.0,985009857695,3819958740234,5149241546227,,10779725856986,732991785388.0,462315064.0,36183530062338,36183530062338,443143269828,-9481110600.0,7892017119552.0,4331966613590.0,141344859597,446970715647.0
,,,4396117740988,4012596156588,,,,,,,,,,,,,,,,,,,,,,6105728642.0,,,,,,,,,,,,,9037780154701.0,19974838548267,-49625534210,5736920629462.0,,85680193.0,,,15353880667803,26290939061369.0,229136748413.0,,,513392699177,563392699177,50000000000.0,14514534290000.0,,,2213818834122,,,143340838168,26934241843.0,189099848467.0,,,10565776062783,21420997478.0,,,,,,9819432843833.0,,315749944072,,4373067721747,3110455558804,,,93715303958.0,494129576780.0,72069307154.0,,,2333957798072.0,270260689387.0,5272523307.0,1165579009965.0,,,595890865416,5395040000.0,605218037493.0,,120138963950.0,96477283441.0,,72629594765.0,1039560218.0,479521691031.0,,,637424802643.0,,32843845125.0,18452648676.0,200497033278.0,585248491765.0,480567987977.0,14514534290000,26290939061369,126134686284.0,2018-Q1,,,-23050019241,-1298116079.0,,102646922219.0,,-13578642097.0,6942485220.0,,260699620761.0,1186386496780.0,411072068406,1560293768812.0,9661889566014,,,8441889289285,,57771874223.0,696320345390,3650373938077,5175991528051,,10250026118711,680194876886.0,462315064.0,35328719216070,35328719216070,443134964291,-7795969600.0,7912102872895.0,2175182243433.0,142262843991,460950406941.0
,,,4041302638611,3613981838047,,,,,,,,,,,,,,,,,,,,,,7344630678.0,,,,,,,,,,,,,10794261023636.0,20307434789529,-48067567640,2646643972283.0,,85680193.0,,,14359884047968,23873057813861.0,692489769561.0,,,834435914164,963335914164,128900000000.0,14514534290000.0,,,1746890968380,,,143340838168,30394768880.0,203618107064.0,,,10609309098847,18367457133.0,,,,,,10119259273833.0,,318792479983,,4021058976634,2851905410228,,,95273270528.0,481282722569.0,82336523394.0,,,1928569256697.0,274949439387.0,,555497854952.0,,,598698196544,5373558222.0,612134810005.0,,181678288317.0,53774889824.0,,29973948684.0,1039560218.0,497790228077.0,,,642529578885.0,,16567661700.0,18427382918.0,169622668237.0,2783824177984.0,367850643578.0,14514534290000,23873057813861,205722836953.0,2017-Q4,,,-20243661977,-8797099030.0,,102523428175.0,,-13193973536.0,603744795.0,,260699620761.0,1528287945458.0,360182469422,268102046087.0,10561714377337,,,10195562827092,,51933181113.0,622978664875,3965691123157,4591702853157,,10290516618864,383314082997.0,556775985.0,34667318837497,34667318837497,443130811523,-7159821800.0,5736920629462.0,3090276657179.0,117132711139,474930098235.0
,,,3676257389070,3669949297662,,,,,,,,,,,,,,,,,,,,,,366475152.0,,,,,,,,,,,,,7567098172016.0,18889319053176,-46657228371,2658671793099.0,,53913330.0,,,12706395888018,24028616769178.0,509574761059.0,,,628414723359,668414723359,40000000000.0,14514534290000.0,,,1940317515441,,,152105529077,28779355439.0,63859200919.0,,,8273741711305,16558133402.0,,,,,,10349310323833.0,,306415942959,,3674548797478,2677315588821,,,105448300706.0,463893050588.0,11387116240.0,,,2106277752784.0,298014000449.0,,1467781453604.0,,,477619358810,3944320000.0,595535113215.0,,165960237343.0,18620553950.0,,,1663272218.0,18008672198.0,,,624314468654.0,,17207908808.0,14676233950.0,125060766466.0,609166138282.0,390893422034.0,14514534290000,24028616769178,168273795209.0,2017-Q3,,,-1708591592,-7999122568.0,,96874976416.0,,-8531992975.0,5572766430.0,,260699620761.0,1237142978721.0,27555730892,219632623984.0,9791941947414,,,7089478813206,,55525383257.0,576988178408,3337496477286,4629352818459,,7967325768346,974697066191.0,40008215.0,31595714941194,31595714941194,443132032925,-5707262320.0,6547207726316.0,3888535933217.0,69495374994,110211647015.0
,,,4184457799087,3082575426603,,,,,,,,,,,,,,,,,,,,,,650653333.0,,,,,,,,,,,,,7201913619763.0,20677934235834,-45320702709,2689145086779.0,,98423445.0,,,11277097882461,24753118498532.0,495819745973.0,,,558406789944,590906789944,32500000000.0,14514534290000.0,,,1664271771775,,,152105529077,26625035899.0,63875468256.0,,,8135159827888,15900005309.0,,,,,,11199330743833.0,,400375308488,,4181877412455,2405457144996,,,106784826368.0,455499302096.0,11387476240.0,,,1761456496776.0,326609969983.0,,649390868930.0,,,489515870457,5102571597.0,463098001910.0,,97184725001.0,19780696526.0,,,1663272218.0,232023941948.0,,,489723037809.0,,,14678124929.0,150422009250.0,604545665704.0,643322665447.0,14514534290000,24753118498532,149965614784.0,2017-Q2,,,-2580386632,-7996539292.0,,97367160000.0,,-5093949420.0,3565814784.0,,260699620761.0,1258517608314.0,23034093860,108173213914.0,11451962635433,,,6712397749306,,78823671935.0,581862822677,3209832429063,4302765388752,,7734784519400,858292909577.0,294823.0,31955032118295,31955032118295,443132521486,-4915821280.0,7329419316798.0,4640274230019.0,71598042492,114802128164.0
,,,3924949167814,2611281502621,,,,,,,,,,,,,,,,,,,,,,802734364.0,,,,,,,,,,,,,6049114164383.0,20171593469610,-44048492187,5591831510779.0,,509196255.0,,,10896951173774,25019430479001.0,318879040162.0,,,518760721249,2216760721249,1698000000000.0,14514534290000.0,,,1171062986146,,,179678050557,22611836552.0,90815906053.0,,,8261100271418,11016240815.0,,,,,,10067453820000.0,,401522260477,,3921381723837,2121479999738,,,135629558370.0,436519292920.0,11387836240.0,,,1251044210226.0,327110398182.0,,630414023573.0,,,515094622289,6456333502.0,455688125817.0,,79981224080.0,21070538505.0,,,1663272218.0,237418957704.0,,,478299962369.0,,197635138.0,14614205003.0,105701991265.0,612150506527.0,474618703937.0,14514534290000,25019430479001,125707095455.0,2017-Q1,,,-3567443977,-7993956015.0,,95307410698.0,,-4812846473.0,2355567358.0,,260699620761.0,1119390469461.0,30555300153,174251757485.0,10320085979619,,,5534019542094,,64217566864.0,526066497300,2403605166199,3607663053640,,7859578010941,746321904930.0,334418.0,31068544643384,31068544643384,443133010047,-3698257400.0,7877979627383.0,2286148116604.0,41484089983,119392609313.0
,,,4538439873598,2191348458582,,,,,,,,,,,,,,,,,,,,,,3360079979.0,,,,,,,,,,,,,6972707036879.0,18673827685789,-42704668231,2928776175324.0,,76396513.0,,,10704828639675,22405949288585.0,456785376550.0,,,599923095436,655423095436,55500000000.0,14514534290000.0,,,865440052609,,,179678050557,34650812752.0,90025589500.0,,,8321053086713,5654693453.0,,,,,,10201117421871.0,,404730093769,,4521766382352,1797019925588,,,136973382326.0,419909385728.0,11387476240.0,,,993111642018.0,326970398182.0,,613806560199.0,,,515209053985,7245908762.0,459395057029.0,,127671589409.0,21855008176.0,,,1663272218.0,237385583924.0,,,494045869781.0,,589208918.0,14609099414.0,176204935732.0,592099957922.0,390619273181.0,14514534290000,22405949288585,192349429102.0,2016-Q4,,,-16673491246,-7990931655.0,,95960585167.0,,-4168573420.0,889995571.0,,260699620761.0,1025974683705.0,35951866026,1332666200200.0,10453749313471,,,6457497982894,,59288353847.0,288808403942,2561910262979,2866683958798,,7916322992944,255510130860.0,81024562.0,29378656325464,29378656325464,443132521486,-1176335920.0,5591831510779.0,2663055335455.0,116835557323,123983090462.0
,,,3929044077496,2872999713847,,,,,,,,,,,,,,,,,,,,,,726853615.0,,,,,,,,,,,,,6901906900271.0,17322793032464,-41360768218,2928776175324.0,,,,,10333927709677,20754813841870.0,363458930130.0,,,763572092518,772572092518,9000000000.0,14514534290000.0,,,722740615125,,,179678050557,32554672151.0,88320258950.0,,,8135810558610,6208134299.0,,,,,,8682668020000.0,,403020568365,,3919152564002,1617351151535,,,138317282339.0,419879455606.0,19471996240.0,,,815299719388.0,343653915063.0,128573571611.0,621863953896.0,,,531807386129,7658734060.0,439360054201.0,,92559104263.0,22147897481.0,,,2286984218.0,233926927098.0,,,600488297963.0,,1146093481.0,14489163421.0,71362199376.0,685193652535.0,342023230991.0,14514534290000,20754813841870,173795146326.0,2016-Q3,,,-9891513494,-7978644539.0,,96400134417.0,,-3824571915.0,5071570008.0,,260699620761.0,1466054222080.0,28090946823,1336465403604.0,8935288386774,,,6370099514142,,56603353889.0,413219416871,1642187213616,3624417789794,,7732789990245,669055575405.0,422976136.0,27656720742141,27656720742141,443111513363,-111500320.0,4122205218497.0,1193429043173.0,14335869351,
,,,4396134069001,2752012552498,,,,,,,,,,,,,,,,,,,,,,446264301.0,,,,,,,,,,,,,6850659845222.0,19513524046623,-40014644622,2929124363144.0,,,,,10284477152156,22947341353557.0,427987646487.0,,,1007308166107,3059808166107,2052500000000.0,12006621930000.0,,,631950747395,,,179678050557,29408852950.0,88320258950.0,,,8228199584200,3886614423.0,,,,,,8367079020000.0,,407582274048,,4385254758820,3775819735733,,,139663405935.0,426483348951.0,19471996240.0,,,705415148451.0,344996641118.0,,628470651059.0,,,533779982227,3041322678.0,402464626702.0,,73464401056.0,17690830099.0,,,2286984218.0,233295381875.0,,,431873479652.0,,1704313524.0,14649507421.0,70360635147.0,682063350488.0,312311669437.0,12006621930000,22947341353557,147776102862.0,2016-Q2,,,-10879310181,-79475263521.0,,96471784417.0,,-3796610269.0,5983140683.0,,,1373736978269.0,16165064550,1365531072109.0,8630483623974,,,6316879862995,,60103330402.0,307089250909,1614759792924,3367616862575,,7820617310152,682430450322.0,168894960.0,29798001198779,29798001198779,525395173363,-5388109959.0,6933105801485.0,4003981438341.0,10088409785,133164052760.0
,,,4044031533401,2838010264223,,,,,,,,,,,,,,,,,,,,,,1017868583.0,,,,,,,,,,,,,6195900000302.0,18004264892914,-38662510423,5391795573082.0,,6341075.0,,,11064570661598,22872935554210.0,176286297923.0,,,1223829938789,1228329938789,4500000000.0,12006621930000.0,,,766079381026,,,179678050557,24346974403.0,88280600100.0,,,8196789228697,9909722464.0,,,,,,9688822000000.0,,412180391727,,4029870340727,3503789498072,,,141015540134.0,409109083569.0,19471636240.0,,,888170505312.0,255684975403.0,,1257694829495.0,,,435045952349,4302948352.0,400225367875.0,,122091124286.0,18573681773.0,,,2286984218.0,234182425441.0,,,424572342278.0,,2251866120.0,14270733421.0,69891888982.0,647683902314.0,305975242192.0,12006621930000,22872935554210,127798211943.0,2016-Q1,,,-14161192674,-79717335461.0,,86541526508.0,,-3398293226.0,2673879345.0,,,1320006293261.0,15542958257,1499433453402.0,9305385263665,,,5760854047953,,60821692015.0,230193906487,1432404584830,3370787460751,,7784608836970,538006598095.0,916690.0,29068835554512,29068835554512,525394708812,-5388109959.0,7123820088192.0,1732024515110.0,9069280277,137754533909.0
,,,3827369319952,2202396055303,,,,,,,,,,,,,,,,,,,,,,1350893817.0,,,,,,,,,,,,,6554260196767.0,16731875433624,-37309845925,3154335500192.0,,,,,10746300510728,20923915747585.0,405464362576.0,,,1212517600684,1358682600684,146165000000.0,12006621930000.0,,,761285112786,,,179678050557,25180187314.0,89034118250.0,,,8214134749497,8329599322.0,,,,,,8751188500000.0,,418789247977,,3810095215771,3291207229973,,,142368204632.0,397130670931.0,11378476240.0,,,843679104973.0,368170178853.0,,940365020223.0,,,549943361554,5573700349.0,417329840261.0,,82393992187.0,20898388770.0,,,2598840218.0,231349525167.0,,,442510027575.0,,2814519233.0,15324688421.0,209250529407.0,644468337067.0,359995340900.0,12006621930000,20923915747585,452476117228.0,2015-Q4,,,-17274104181,-76935567195.0,,87325705000.0,,-3211964123.0,2420017605.0,,,593485587927.0,19882391510,1475358507208.0,8668377936330,,,6004316835213,,156056494506.0,126289719352,2193602809261,2685469151432,,7795345501520,215807811014.0,1667028.0,27478175944352,27478175944352,525980876577,-5388109959.0,5391795573082.0,2237460072890.0,53192367873,142345015058.0
,,,3669875691062,2482633690057,,,,,,,,,,,,,,,,,,,,,,2115494673.0,,,,,,,,,,,,,6742179621479.0,15029826360314,-35957181448,3157254319945.0,,1947633.0,,,10929142925003,19216789663838.0,374993945300.0,,,1219107423245,1409857423245,190750000000.0,12006621930000.0,,,1094799048746,,,179678050557,205153523098.0,89034118250.0,,,7840654962033,10384917993.0,,,,,,7001188500000.0,,403734816344,,3658427900984,3100598784761,,,143720869109.0,415632589278.0,25638543749.0,,,1164640054820.0,376211717315.0,,972996475211.0,,,558262473836,6830412346.0,433048083758.0,,69841006074.0,21993460767.0,,,2598840218.0,228217928395.0,,,638201606856.0,,3348551302.0,15163048421.0,58334628969.0,635352780396.0,317684776742.0,12006621930000,19216789663838,152436965241.0,2015-Q3,,,-11447790078,-76560537722.0,,87069246751.0,,-6008427207.0,7701157905.0,,,970760458695.0,17962164288,1358733604316.0,6918871993291,,,6183917147643,,48337495676.0,190022426600,2151503377100,2984334413825,,7436920145689,512357199729.0,2163496.0,25958969285317,25958969285317,525969373197,-5388109959.0,3876354212648.0,719099892703.0,9994969797,146935496207.0
,,,3795398560285,2362130859829,,,,,,,,,,,,,,,,,,,,,,1695863621.0,,,,,,,,,,,,,5951379727175.0,16603153127894,-34594375034,5157462259945.0,,1041373804.0,,,10620508562705,21272281963424.0,314993901889.0,,,563457704170,1854221704170,1290764000000.0,10006413990000.0,,,843790517752,,,179678050557,242828420483.0,86376975300.0,,,8011367202666,2819005174.0,,,,,,7653224000000.0,,400257814457,,3784847613344,2887837119930,,,145083675523.0,336761486409.0,25722035352.0,,,919667884742.0,338754261458.0,,704211667763.0,,,519478135082,8101164343.0,423014863803.0,,75877366990.0,22808870369.0,,,,213347579311.0,,,665843284286.0,,6980301574.0,14707706026.0,73342356644.0,622026720944.0,398815839943.0,10006413990000,21272281963424,122357599442.0,2015-Q2,,,-10550946941,-131350690504.0,,87366596750.0,,-7774300847.0,7939522975.0,,,1167002326130.0,22762414626,872896438045.0,7856878780812,,,5431901592093,,58365888691.0,279648900195,1654335599073,3033862672924,,7611109388209,645891205348.0,2805658.0,27223661690599,27223661690599,676733617318,-5388109959.0,8167252378968.0,3009790119023.0,14973662295,151525977356.0
,,,3935975905243,2189267481557,,,,,,,,,,,,,,,,,,,,,,148470445.0,,,,,,,,,,,,,5741614197631.0,16640748752812,-33231568628,7157699467945.0,0.0,5583775426.0,0.0,,10362315602001,21261450157182.0,196156806251.0,0.0,0.0,946150962892,1227505962892,281355000000.0,10006413990000.0,0.0,0.0,881646491755,0.0,0.0,179678050557,161205855252.0,85385504050.0,0.0,0.0,8045671470354,58011950.0,0.0,0.0,0.0,,0.0,8282716000000.0,0.0,544069544351,0.0,3924904956963,2676353447778,,0.0,146446481929.0,312399549235.0,32399773139.0,0.0,0.0,932277481348.0,343756460322.0,0.0,686532937484.0,0.0,0.0,513702917767,9371916340.0,210138161691.0,0.0,50630989593.0,23926755438.0,0.0,0.0,0.0,178726632182.0,0.0,0.0,371344016943.0,0.0,7587679400.0,14554839098.0,77191829348.0,668602254991.0,330530318921.0,10006413990000,21261450157182,116852520372.0,2015-Q1,0.0,0.0,-11070948280,-150060938373.0,0.0,76973273995.0,0.0,-7517973300.0,6027114922.0,0.0,0.0,767785773922.0,15238253354,922783147378.0,8469267785759,0.0,0.0,5227911279864,0.0,52163110450.0,424014615246,2069300365671,2941878217850,0.0,7501601926003,465016572558.0,70884606.0,27003064354813,27003064354813.0,678346339242,-5388109959.0,8405286185231.0,1247586717286.0,24957834292,156116458505.0
,,,3633231617297,1988614362323,,,,,,,,,,,,,,,,,,,,,,,,,,,,,,,,,,,5969901577449.0,15522309519016,-31868810462,,,,,,10247828541941,19680282615855.0,355719314789.0,119953867653.0,,993333794600,1527875428216,534541633616.0,,,,803688210258,,,179594679077,150793168409.0,84711303600.0,,971689582340.0,8890084022717,-161099075.0,,,,,,,,538207032321,,3620107245454,1550028784604,,,147725868615.0,325220122483.0,,,,,346383586552.0,,700375068841.0,,,516638646418,,183505250834.0,,,7395303671.0,,,17424992.0,,,,348784257643.0,380012236959.0,8192561774.0,7395303671.0,140069557071.0,598428618781.0,368425283975.0,10006413990000,19680282615855,163476907176.0,2014-Q4,,,-13124371843,-144065662001.0,,,77333769500.0,-5917834434.0,,,,637114219782.0,17826386435,1279525014840.0,7467962935026,,,5453262931031,,115703239463.0,420615080215,1898529392924,2771736892079,,7548188780138,502643076304.0,16204115.0,25770138060957,25770138060957,7607171306426,-5388109959.0,7157699467945.0,,13465035833,160706939654.0
,,,3549938308880,1804396242964,,,,,,,,,,,,,,,,,,,,,,,,,,,,,,,,,,,5662834497211.0,12808828895655,-30511003768,,,,,,11098774021552,18122315803395.0,257175599433.0,122452616601.0,,639329547281,670329547281,31000000000.0,,,,720906524265,,,135349190358,166249611926.0,84056932575.0,,885765734701.0,8848709119929,-243732148.0,,,,,,,,536797787776,,3535730778418,1378181089327,,,104838186590.0,326568979353.0,,,,,349878694016.0,,1598896746815.0,,,516348739961,,201152715870.0,,,6442492670.0,,,111652267.0,,,,381791443196.0,1277336020900.0,5092359237.0,6442492670.0,63164438488.0,637905375141.0,296541613793.0,10006413990000,18122315803395,154177478850.0,2014-Q3,,,-14207530462,-151852801338.0,,,77209101866.0,-6054142357.0,,,,718490212863.0,14229030312,1273922478239.0,6010426758526,,,5146485757250,,39230346049.0,440963448155,1610917087104,2535847162555,,7591004807888,479668495308.0,9301173.0,23907602917207,23907602917207,6157271306426,-5388109959.0,5857586831474.0,,10585212040,165290590052.0
,,,4273413117553,1682251662275,,,,,,,,,,,,,,,,,,,,,,,,,,,,,,,,,,,5119511114009.0,13778291683771,-29248844459,,,,,,9955953497083,18552031822579.0,262314313539.0,62702244266.0,,689911851239,1219936043702,530024192463.0,,,,499077365539,,,132849190358,159403167095.0,84453521075.0,,833955796000.0,8821435295369,496768421.0,,,,,,,,540416334915,,4259769334087,1239815387659,,,103600345899.0,313319111451.0,,,,,326808491393.0,,494551977550.0,,,494868259284,,196204979134.0,,,3698683669.0,,,74697722.0,,,,369985928551.0,191271452425.0,5580630094.0,3698683669.0,191504616447.0,599446227344.0,265780237413.0,8339557960000,18552031822579,116513026857.0,2014-Q2,,,-13643783466,-155984070726.0,,,77950919000.0,-6171963835.0,,,1276994100000.0,694956152027.0,17653657080,66825762412.0,5917347091318,,,4624642854725,,61300020920.0,297206010826,2354369079371,2239065946679,,7781941594915,512564636095.0,4837610.0,23734245180854,23734245180854,6063292575718,-5388109959.0,6866599920458.0,,31537060993,169870157206.0
,,,3810158581368,1804178437030,,,,,,,,,,,,,,,,,,,,,,,,,,,,,,,,,,,4403591598101.0,13566719604936,-28036450637,,,,,,9697630589886,18796401965978.0,123756050200.0,64356630743.0,,517820867797,1193310867797,675490000000.0,,,,415336007472,,,132849190358,113489757810.0,91065600000.0,,833955796000.0,8795188483871,-102051000.0,,,,,,,,527502722151,,3798942838749,1086361105334,,,104812739721.0,294776746554.0,,,,,190497999316.0,,328573625510.0,,,355748088806,,173300542672.0,,,4143542668.0,,,103334087.0,,,,303056972432.0,43912654261.0,4592362320.0,4143542668.0,266968638515.0,671204525185.0,418615624121.0,8339557960000,18796401965978,89822785874.0,2014-Q1,,,-11215742619,-147335269405.0,,,69488793083.0,-7133192069.0,,,1276994100000.0,502440931384.0,26747069793,178426692076.0,5776073081618,,,4047843509295,,115370692193.0,373384383132,2056234730987,2589045252214,,7852349754248,399210723796.0,227032.0,23264350194822,23264350194822,5913292575718,-5312321959.0,7264947377603.0,,36355571376,169988561659.0
,,,3227859954432,1894721027784,,,,,,,,,,,,,,,,,,,,,,,,,,,,,,,,,,,5307060807329.0,13018930127438,-26886345887,,,,,,9856483929198,17545489315423.0,361477571902.0,22863933884.0,,1394534283673,2745645325950,1351111042277.0,,,,537872350628,,,176332062888,115300622640.0,91065600000.0,,833955796000.0,8918416535379,,,,,,,,,531485413625,,3217483048888,950237983612,,,149445717001.0,284629299345.0,,,,,184142784403.0,,318308294039.0,,,350663213221,,171151838315.0,,,736666667.0,,,835376008.0,,,,303773132905.0,43927626956.0,5036159560.0,736666667.0,164943590411.0,1341762807045.0,417266719643.0,8339557960000,17545489315423,137540107294.0,2013-Q4,,,-10376905544,-156223585662.0,,,69583293250.0,-7387087909.0,,,1276994100000.0,490760970004.0,20929404542,178943692147.0,4167317622318,,,4956397594108,,129708362747.0,423820755014,1968257136188,2728421414532,,7849058771126,456725904986.0,5362800.0,22875414056636,22875414056636,4313292575718,-5068507959.0,6149811983770.0,,25468115542,174463919182.0
,,,3262254673271,1736756164676,,,,,,,,,,,,,,,,,,,,,,,,,,,,,,,,,,,3771554208170.0,11634196616736,-25669543959,,,,,,9025317926360,16887960334926.0,246678001365.0,,,524436360678,1684436360678,1160000000000.0,,,,417882757435,,,176332062888,148525729309.0,,,833955796000.0,8359739122551,,,,,,,,,297928227692,,3258750181216,764826880531,,,150662518929.0,236050431867.0,,,,,,,247787187429.0,,,69685526687,,109639619818.0,,,,,,70462271.0,,,,260318189127.0,26322737046.0,,,252260152890.0,632938206501.0,277634861101.0,8339557960000,16887960334926,107820123099.0,2013-Q3,,,-3504492055,-158161865594.0,,,69615064416.0,-1945620407.0,,,1276994100000.0,521298043555.0,21296233954,,3869716691608,,,3701868681483,,108367562365.0,558597968643,1703381547568,2571043374013,,7643928137424,468456525441.0,,20659514543096,20659514543096,4013292575718,-4953649959.0,5677579248354.0,,139872303187,7887328324.0
,,,3885037011153,1485966392617,,,,,,,,,,,,,,,,,,,,,,,,,,,,,,,,,,,4083065582101.0,12077326003950,-22982100818,,,,,,9037212764812,17031473186661.0,238480880713.0,,,727485229333,812485229333,85000000000.0,,,,2072921870625,,,133660209990,132792997059.0,,,755738896227.0,8417743279497,,,,,,,,,273202393980,,3881704034688,539193296167,,,110678109172.0,221202350349.0,,,,,,,285040218673.0,,,69897651551,,81691053305.0,,,,,,126362135.0,,,,216636890364.0,78503484679.0,,,281327825120.0,594657347821.0,253018970771.0,8339557960000,17031473186661,96446026330.0,2013-Q2,,,-3332976465,-157159487465.0,,,69771289416.0,-5701907599.0,,,1276994100000.0,469609879334.0,32845817190,,4690836761292,,,4013167930550,,108170508111.0,679488450242,2036039250350,2412771906031,,6071619014892,545088728812.0,,21114538768762,21114538768762,4833330632402,-4784852959.0,6124773787226.0,,169557811981,8190687106.0
,,,3767593427362,1178971026407,,,,,,,,,,,,,,,,,,,,,,,,,,,,,,,,,,,3717442885609.0,11885819757336,-21979435656,,,,,,8703020109674,16871396981401.0,191521511076.0,,,773381902213,1633381902213,860000000000.0,,,,3405016583653,,,133660209990,95588071582.0,,,664618278340.0,8168338799595,,,,,,,,,207817873127,,3763211894998,297685912159,,,111680774334.0,216679224929.0,,,,,,,282888887661.0,,,59679245075,,34953110614.0,,,,,,162474575.0,,,,132694022196.0,78503484679.0,,,250752769901.0,673973340171.0,389065205042.0,8339557960000,16871396981401,79140727031.0,2013-Q1,,,-4381532364,-148822177987.0,,,59516770500.0,-5719607599.0,,,1276994100000.0,318370952862.0,19577811278,,3926641975882,,,3657763640534,,94138118086.0,751565977402,1963663787947,2313882601252,,4555504342815,411515510169.0,,20588839867010,20588839867010,4063170331922,-4609454000.0,6297150184902.0,,152511877995,8494045888.0
,,,3476300517903,1269841759012,,,,,,,,,,,,,,,,,,,,,,,,,,,,,,,,,,,4174699452270.0,11080537816712,-20952098370,,,,,,8587258231415,15493096595857.0,406397724109.0,,,852120160804,1252120160804,400000000000.0,,,,3565241433334,,,117666487460,108001947072.0,,,588402022008.0,8042300548493,,,,,,,,,253615655556,,3472845352518,93889017729,,,96714389090.0,217944646507.0,,,,,,,284428762040.0,,,59781521230,,41073978122.0,,,,,,145744230.0,,,,151228765194.0,80840000000.0,,,233549469340.0,664137048409.0,373682118364.0,8339557960000,15493096595857,106150509860.0,2012-Q4,,,-3455165385,-144384560087.0,,,59635777000.0,-3852583886.0,,,1276994100000.0,365103636850.0,21589364414,,3909275954492,,,4114917931040,,72343567654.0,576619318260,2217586777551,2216290611750,,4223443459603,333952869847.0,,19667796048127,19667796048127,4039304630112,-4504115000.0,5198757611120.0,,154118437302,13662186598.0
,,,3543932114387,1222011984931,,,,,,,,,,,,,,,,,,,,,,,,,,,,,,,,,,,3076514929719.0,8758053279580,-19962873763,,,,,,8327691411772,14009229761633.0,334699548288.0,,,555133933126,555133933126,,,,,3052033086932,,,117666487460,101595410119.0,,,556114754000.0,7480167057275,,,,,,0.0,,,255106240236,,3539650095234,1484445131462,,,97703613697.0,216069036461.0,,,,,,,592755414215.0,,,192910854099,,40271022637.0,,,,,,70430732.0,,,,144019272756.0,466052373800.0,125822000000.0,,235046978154.0,262245339556.0,370331200067.0,5561147540000,14009229761633,90448153069.0,2012-Q3,,,-4282019153,-163933687466.0,,,67018423367.0,-3890098929.0,,,1276994100000.0,338716578878.0,21292200789,,2029334564892,,,2883604075620,,77169886755.0,812307839050,1442323438803,2400760925119,,4173027730107,393878816237.0,,17085744691352,17085744691352,2103902256312,-4422553000.0,5134950789171.0,,154130657509,14122473829.0
,,,4320893402295,1574759755571,,,,,,,,,,,,,,,,,,,,,,,,,,,,,,,,,,,4257462008609.0,10140518022705,-18973649149,,,,,,7981748979178,13864804993274.0,320156316186.0,,,745732190431,2143732190431,1398000000000.0,,,,2970201836370,,,117666487460,115158829201.0,,,556114754000.0,7115904929665,,,,,,0.0,,,253379232144,,4316253766478,1287543063275,,,98692838311.0,218777900772.0,,,,,,,593698177503.0,,,159112765927,,42615023438.0,,,,,,126393626.0,,,,159966692639.0,469400773800.0,92000000000.0,,320757259932.0,128094774299.0,218707510260.0,5561147540000,13864804993274,76683338736.0,2012-Q2,,,-4639635817,-166651964889.0,,,66986372301.0,-3934819996.0,,,1276994100000.0,391860797557.0,104921000124,208280000000.0,931730788492,,,4098349242682,,83390393636.0,640555843972,2412079296816,2430088289807,,3892323861151,456273718964.0,,18122267001883,18122267001883,1003902256312,-4147039000.0,5187152574999.0,,233278321426,14582761060.0
,,,3899695120418,1376181804395,,,,,,,,,,,,,,,,,,,,,,,,,,,,,,,,,,,3736741201267.0,10079372759107,-17984424535,,,,,,7278234838556,13620866396396.0,185578650159.0,,,871183071409,2983283071409,2112100000000.0,,,,2347411233414,,,117666487460,84822059658.0,,,556114754000.0,6161605222946,,,,,,0.0,,,255608252433,,3895594802386,1085493695027,,,99682062925.0,218573877994.0,,,,,,,895144342327.0,,,158758974863,,20841682409.0,,,,,,95909095.0,,,,107856582067.0,783646073800.0,92000000000.0,,186637543710.0,63603483869.0,237477232783.0,5561147540000,13620866396396,54795328663.0,2012-Q1,,,-4100318032,-182077084367.0,,,66663065768.0,-2916123231.0,,,1276994100000.0,254133424597.0,111047546056,416560000000.0,632275956892,,,3577982226404,,51223606413.0,773152240857,2120548903906,2383895154804,,3558585737099,371714889154.0,,17357607597663,17357607597663,707277431792,-3193927000.0,5144310234369.0,,130786397109,15043048291.0
