1. Chi phí chờ phân bổ dài hạn,1. Chi phí chờ phân bổ ngắn hạn,1. Hàng tồn kho,1. Phải thu ngắn hạn của khách hàng,10. Lợi nhuận sau thuế chưa phân phối,10. Phải trả ngắn hạn khác,10. Trái phiếu chuyển đổi,12. Dự phòng phải trả ngắn hạn,12. Thuế thu nhập hoãn lại phải trả,13. Dự phòng phải trả dài hạn,2. Thặng dư vốn,"3. Phải trả cổ tức, lợi nhuận",3. Thuế và các khoản khác phải thu Nhà nước,3. Đầu tư nắm giữ đến ngày đáo hạn ngắn hạn,4. Chi phí phải trả dài hạn,4. Dự phòng tổn thất đầu tư vào đơn vị khác dài hạn (*),4. Dự phòng đầu tư nắm giữ đến ngày đáo hạn ngắn hạn (*),4. Thuế và các khoản phải nộp Nhà nước ngắn hạn,5. Cổ phiếu mua lại của chính mình (*),5. Phải thu dài hạn khác,5. Phải thu ngắn hạn khác,5. Phải trả người lao động,5. Đầu tư nắm giữ đến ngày đáo hạn dài hạn,6. Chi phí phải trả ngắn hạn,6. Dự phòng phải thu ngắn hạn khó đòi (*),7. Doanh thu chờ phân bổ dài hạn,8. Doanh thu chưa thực hiện ngắn hạn,8. Phải trả dài hạn khác,9. Doanh thu chờ phân bổ ngắn hạn,9. Quỹ khác thuộc vốn chủ sở hữu,C. NỢ PHẢI TRẢ,D. VỐN CHỦ SỞ HỮU,IV. Bất động sản đầu tư,V. Tài sản dở dang dài hạn,VI. Tài sản ngắn hạn khác,VI. Đầu tư tài chính dài hạn,VII. Tài sản dài hạn khác,a_liabilities,a_short_term_assets,accumulated_depreciation,accumulated_retained_earning_at_the_end_of_the_previous_period,assets,assets_awaiting_resolution,assets_revaluation_differences,b_long_term_assets,b_owners_equity,bonus_and_welfare_fund,c_minoritys_interest,capital_at_inter_company,cash,cash_and_cash_equivalents,cash_equivalents,common_stock_with_voting_right,construction_contract_progress_payments_due_to_suppliers,construction_contract_progress_receipts_due_from_customers,construction_in_progress,convertible_bond_option,convertible_bonds,cost,deferred_income_tax_assets,deferred_income_tax_liabilities,finance_lease_fixed_assets,financial_reserves,fixed_assets,foreign_exchange_differences,fund_for_technology_development,fund_to_support_corporate_restructuring,funds_invested_in_fixed_assets,goodwill,government_bonds,held_to_maturity_investments,ii_other_resources_and_funds,intangible_fixed_assets,inter_company_payables_on_business_capital,inventories,investment_and_development_fund,investment_in_associates,investment_in_subsidiaries,investment_properties,investments_in_associates_joint_ventures,investments_in_other_entities,long_term_acrrued_expenses,long_term_advances_from_customers,long_term_assets_in_progress,long_term_borrowings_and_financial_leases,long_term_equipment_supplies_spare_parts,long_term_financial_investments,long_term_inter_company_payables,long_term_inter_company_receivables,long_term_liabilities,long_term_loan_receivables,long_term_prepayments,long_term_prepayments_to_suppliers,long_term_production_in_progress,long_term_receivables,long_term_trade_payables,long_term_trade_receivables,long_term_unearned_revenue,minority_interest,other_capital_of_owners,other_funds_from_owners_equity,other_long_term_assets,other_long_term_investments,other_long_term_liabilities,other_long_term_receivables,other_short_term_assets,other_short_term_payables,other_short_term_receivables,owners_capital,owners_equity,payable_to_employees,period,preferred_stock,price_stabilization_fund,provision_for_decline_in_value_of_inventories,provision_for_diminution_in_value_of_long_term_investments,provision_for_long_term_doubtful_debts,provision_for_long_term_liabilities,provision_for_severance_allowances,provision_for_short_term_doubtful_debts,provision_for_short_term_liabilities,reserves_for_investment_in_construction,share_premium,short_term_acrrued_expenses,short_term_advances_from_customers,short_term_borrowings_and_financial_leases,short_term_financial_investments,short_term_inter_company_payables,short_term_inter_company_receivables,short_term_liabilities,short_term_loan_receivables,short_term_prepayments,short_term_prepayments_to_suppliers,short_term_trade_accounts_payable,short_term_trade_accounts_receivable,subsidized_not_for_profit_funds,tangible_fixed_assets,taxes_and_other_payables_to_state_authorities,taxes_and_other_receivables_from_state_authorities,total_assets,total_liabilities_equity,trading_securities,treasury_shares,undistributed_earnings_after_tax,undistributed_earnings_in_this_period,value_added_tax_to_be_reclaimed,vii_goodwill
9175502000000.0,4402833000000.0,231229383000000,36575948000000,52926078000000.0,126408748000000.0,579683000000.0,10911335000000.0,2325203000000.0,21974723000000.0,3588444000000.0,8218000000.0,226516000000.0,19253437000000.0,3530133000000.0,-3436252000000.0,-96192000000.0,31082939000000.0,-835340000000.0,23282519000000.0,130822438000000.0,1326941000000.0,16567029000000.0,102446387000000.0,-678680000000.0,6023443000000.0,,129902027000000.0,5696581000000.0,117845000000.0,1024990928000000.0,153703820000000.0,19194189000000.0,139091454000000.0,126675229000000.0,68610394000000.0,63405220000000.0,,669086072000000,-3556570000000,54277387000000.0,,,,509608676000000,,,,,47992026000000,54750360000000,6758334000000,77060310000000.0,,,139091454000000,,,22750759000000,1823995000000,,141936000000.0,,195303913000000,60968000000.0,,,,3815051000000.0,,,,34478506000000,,217153958000000,,10809066000000.0,,,,44670551000000.0,,13955669000000.0,,220244483000000.0,,,,,398535364000000,,,,,24003506000000.0,,720987000000.0,,5204376000000.0,15306530000000.0,,48590672000000.0,,,,108093574000000,,,77334919000000,153703820000000,,2026-Q1,274609000000.0,,-14075425000000,,,,,,,,,,149449495000000,137577392000000.0,19157245000000,,,626455564000000,,,84629574000000,61547528000000,251349280000000,,160683471000000,,,1178694748000000,1178694748000000,,,,-1351309000000.0,13952306000000,
9249236000000.0,4611318000000.0,218339351000000,36402582000000,55668366000000.0,122526265000000.0,3081207000000.0,12109783000000.0,2364248000000.0,16736757000000.0,1804938000000.0,,250707000000.0,8253330000000.0,2602304000000.0,-3288885000000.0,,35027873000000.0,-1344123000000.0,18864737000000.0,128162283000000.0,2126961000000.0,369650000000.0,102764778000000.0,-746298000000.0,5504721000000.0,,124731424000000.0,4887201000000.0,117845000000.0,970001804000000.0,151455224000000.0,19714879000000.0,131527306000000.0,115092353000000.0,39623386000000.0,54401563000000.0,,660924812000000,-3321282000000,44459675000000.0,,,,460532216000000,,,,,35973652000000,73526497000000,37552845000000,77060310000000.0,,,131527306000000,,,23036161000000,1846308000000,,240471000000.0,,194150775000000,-252474000000.0,,,,3955994000000.0,,,,36418454000000,,206993940000000,,10437972000000.0,,,,32104649000000.0,,1137077000000.0,,221434236000000.0,,,,,377591974000000,1546164000000.0,,,,21114307000000.0,,703406000000.0,,2819223000000.0,15306530000000.0,,39350025000000.0,,,,96636385000000,,,77334919000000,151455224000000,,2025-Q4,274609000000.0,,-11345411000000,,,,,,,,,,139356585000000,113955484000000.0,8253330000000,,,592409830000000,8438394000000.0,,84801731000000,59654900000000,257058692000000,,157491850000000,,,1121457028000000,1121457028000000,,,,11208691000000.0,13593943000000,
9212159000000.0,4878936000000.0,199871279000000,29339826000000,52505390000000.0,123210070000000.0,3411935000000.0,8768168000000.0,2250144000000.0,11397652000000.0,40335093000000.0,,207729000000.0,7918430000000.0,2804726000000.0,-2210613000000.0,,21849512000000.0,-1344123000000.0,12733642000000.0,141791491000000.0,1412424000000.0,393059000000.0,74468946000000.0,-911782000000.0,4813003000000.0,,136097023000000.0,5987007000000.0,117845000000.0,925966426000000.0,161903899000000.0,18934011000000.0,124736532000000.0,57673247000000.0,32709444000000.0,109926939000000.0,,590641891000000,-3155303000000,44459675000000.0,,,,497228434000000,,,,,52451984000000,72150719000000,19698735000000,38530155000000.0,,,124736532000000,,,22089314000000,2085179000000,,827506000000.0,,185370711000000,-15464000000.0,,,,4097359000000.0,,,,36863687000000,,185624958000000,,9783132000000.0,,,,24743866000000.0,,2489870000000.0,,204805693000000.0,,,,,368070046000000,11892765000000.0,,,,25550797000000.0,,924390000000.0,,16193864000000.0,15306530000000.0,,94532242000000.0,,,,39384463000000,,,38804764000000,161903899000000,,2025-Q3,274609000000.0,,-14246321000000,,,,,,,,,,154865321000000,117122101000000.0,7918430000000,,,557896380000000,24092071000000.0,,72962931000000,50212831000000,267274537000000,,147679518000000,,,1087870325000000,1087870325000000,,,,8045715000000.0,13202119000000,
8913400000000.0,4115108000000.0,151189475000000,29449203000000,51412450000000.0,129500698000000.0,3806580000000.0,6920581000000.0,2343677000000.0,12089791000000.0,40354024000000.0,,204862000000.0,7590357000000.0,3068863000000.0,-2081180000000.0,,18686956000000.0,-1344123000000.0,10226673000000.0,145066446000000.0,1079008000000.0,766040000000.0,66935969000000.0,-1012984000000.0,4564987000000.0,,116414354000000.0,5938701000000.0,117845000000.0,805820866000000.0,158617993000000.0,11547003000000.0,125710304000000.0,53351094000000.0,31409490000000.0,47935469000000.0,,528475505000000,-3072764000000,44459675000000.0,,,,435963354000000,,,,,47085523000000,74760020000000,27674497000000,38236616000000.0,,,125710304000000,,,14619767000000,2031637000000,,276902000000.0,,185019974000000,121502000000.0,,,,4238916000000.0,,,,36856138000000,,137089793000000,,9572464000000.0,,,,23152166000000.0,,3273144000000.0,,153635167000000.0,,,,,299196563000000,23053046000000.0,,,,34341114000000.0,,1061395000000.0,,13863932000000.0,15306530000000.0,,32751516000000.0,,,,36358608000000,,,38785833000000,158617993000000,,2025-Q2,549217000000.0,,-14099682000000,,,,,,,,,,106527243000000,125295999000000.0,9589777000000,,,506624303000000,20008181000000.0,,60173975000000,45739148000000,253684821000000,,147886934000000,,,964438859000000,964438859000000,1999420000000.0,,,6952775000000.0,12672516000000,
8468210000000.0,2872465000000.0,124925405000000,32791295000000,51447113000000.0,108794956000000.0,3720189000000.0,7613516000000.0,2090054000000.0,10380647000000.0,40308020000000.0,,300974000000.0,5980260000000.0,1024618000000.0,-2076051000000.0,,25673028000000.0,-1344123000000.0,58258943000000.0,95554820000000.0,907630000000.0,22186000000.0,65097658000000.0,-1408777000000.0,4616976000000.0,,53685455000000.0,3041629000000.0,107845000000.0,665817661000000.0,157452587000000.0,12770851000000.0,115225458000000.0,41753710000000.0,26832752000000.0,25912728000000.0,,372183892000000,-3087193000000,44468350000000.0,,,,451086356000000,,,,,30776595000000,32491938000000,1715343000000,38236616000000.0,,,115225458000000,,,15858044000000,1871593000000,,269765000000.0,,180969752000000,-185234000000.0,,,,4378934000000.0,,,,36624452000000,,110814852000000,,9479573000000.0,,,,19407044000000.0,,,,149589087000000.0,,,,,225107026000000,29615230000000.0,,,,89374815000000.0,,1500642000000.0,,13026603000000.0,15306530000000.0,,11193991000000.0,,,,27803173000000,,,38785833000000,157452587000000,,2025-Q1,549217000000.0,,-14110553000000,,,,,,,,,,90162798000000,98216347000000.0,7480260000000,,,440710635000000,512206000000.0,,52193588000000,41203073000000,179643132000000,,144075535000000,,,823270248000000,823270248000000,1500000000000.0,,,6978763000000.0,10777098000000,
,,124864801000000,28902859000000,,,,,,,,,,,,,,,,,,,,,,,4360300000000.0,,,,,,,,,,,685698650000000.0,400374790000000,-2898504000000,14099158000000.0,,,,438841410000000,153517550000000.0,,,,32413074000000,42669127000000,10256053000000,38236616000000.0,,,114636170000000,,3688998000000.0,16197139000000,2303926000000,2001574000000.0,226257000000.0,,182817531000000,-384316000000.0,,,,4517414000000.0,,5463024000000.0,,37666565000000,,112798518000000,,,,13298635000000.0,9221746000000.0,19388427000000.0,847065000000.0,,114636170000000.0,126913155000000.0,,27459006000000.0,,,170853848000000,23359127000000.0,7924151000000.0,,,81126350000000.0,,1536269000000.0,4354975000000.0,15578855000000.0,15306530000000.0,107845000000.0,24261945000000.0,,23714969000000.0,56230954000000.0,80584400000000.0,123517535000000.0,117967376000000.0,38785833000000,153517550000000,1896419000000.0,2024-Q4,549217000000.0,,-12066283000000,-1520842000000.0,,9333112000000.0,,-633658000000.0,5709475000000.0,,40232887000000.0,61507282000000.0,139678315000000,97216594000000.0,6593349000000,,,514844802000000,1462018000000.0,4783905000000.0,42637187000000,48824777000000,190335782000000,,144924709000000,32134105000000.0,268384000000.0,839216200000000,839216200000000,1500000000000.0,-1344123000000.0,45234039000000.0,31134881000000.0,10319339000000,
,,139923090000000,27139507000000,,,,,,,,,,,,,,,,,,,,,,,4728498000000.0,,,,,,,,,,,627217065000000.0,423990500000000,-2749993000000,14099159000000.0,,,,367483444000000,164256879000000.0,,,,26731528000000,27040242000000,308714000000,38236616000000.0,,,109297386000000,,3600189000000.0,17817658000000,3005661000000,3265197000000.0,351112000000.0,,186833298000000,-51155000000.0,,,,1660480000000.0,,6457781000000.0,,37187022000000,,128229866000000,,,,15067665000000.0,9141931000000.0,16092357000000.0,1274429000000.0,,109297386000000.0,115120855000000.0,,23657660000000.0,,,156805282000000,2854876000000.0,7821923000000.0,,,15381144000000.0,,1151138000000.0,3850859000000.0,29427206000000.0,15306530000000.0,107845000000.0,22004518000000.0,,22217481000000.0,11375130000000.0,74771152000000.0,133343385000000.0,141911927000000.0,38785833000000,164256879000000,1337385000000.0,2024-Q3,549217000000.0,,-11693224000000,-1609819000000.0,,7476272000000.0,,-714456000000.0,3914837000000.0,,40232887000000.0,64950755000000.0,97033850000000,96768964000000.0,6424590000000,,,470411783000000,10684528000000.0,3787617000000.0,38449157000000,39042869000000,217470663000000,,149295164000000,29291240000000.0,324077000000.0,791473944000000,791473944000000,,-1344123000000.0,41791856000000.0,27692697000000.0,10767432000000,
,,114381793000000,23517226000000,,,,,,,,,,,,,,,,,,,,,,,4758961000000.0,,,,,,,,,,,559897940000000.0,341123648000000,-1637105000000,14099159000000.0,,,,381135646000000,162361354000000.0,,,,27583740000000,28543920000000,960180000000,38236616000000.0,,,110361690000000,,,15114628000000,1411669000000,3298758000000.0,283947000000.0,,190565701000000,-57231000000.0,,,,1714600000000.0,,4246792000000.0,,38670791000000,,104060718000000,,,,13477523000000.0,14554742000000.0,17142258000000.0,997168000000.0,,110361690000000.0,112106419000000.0,,30408404000000.0,,,141785106000000,16142355000000.0,7744119000000.0,,,23651466000000.0,,792622000000.0,3964612000000.0,32449434000000.0,15306530000000.0,107845000000.0,14471336000000.0,,14985615000000.0,6716489000000.0,71780907000000.0,110309585000000.0,100451059000000.0,38785833000000,162361354000000,1232150000000.0,2024-Q2,549217000000.0,,-10321075000000,-1316067000000.0,,6432534000000.0,,-686278000000.0,4084309000000.0,,41019389000000.0,60511386000000.0,69187542000000,110321883000000.0,4219321000000,,,418112834000000,1459313000000.0,3597074000000.0,36589475000000,35215086000000,161330795000000,,151610963000000,22491932000000.0,257192000000.0,722259294000000,722259294000000,,-1344123000000.0,36093677000000.0,21994518000000.0,10302615000000,
,,109769644000000,25461668000000,,,,,,,,,,,,,,,,,,,,,,,2355695000000.0,,,,,,,,,,,536196058000000.0,350049998000000,-1146856000000,14105693000000.0,,,,343898795000000,157752735000000.0,,,,25450736000000,26653084000000,1202348000000,38236616000000.0,,,98121221000000,,,17046151000000,1239999000000,2217060000000.0,295046000000.0,,175829606000000,14824000000.0,,,,403879000000.0,,4419143000000.0,,35110574000000,,99346636000000,,,,15899295000000.0,10261537000000.0,23947574000000.0,694817000000.0,,98121221000000.0,106799696000000.0,,33296747000000.0,,,141812999000000,2414656000000.0,6243034000000.0,,,10997880000000.0,,749644000000.0,4039999000000.0,27382060000000.0,15306530000000.0,97845000000.0,11621180000000.0,,20958964000000.0,7833580000000.0,70699188000000.0,114439143000000.0,104138223000000.0,38785833000000,157752735000000,524335000000.0,2024-Q1,549217000000.0,,-10423008000000,-914571000000.0,,7102463000000.0,,-836595000000.0,4268485000000.0,,41019389000000.0,50205666000000.0,52093288000000,119716720000000.0,4416936000000,,,394383059000000,11170022000000.0,2991531000000.0,37812849000000,33582584000000,177746167000000,,140423986000000,17197143000000.0,299202000000.0,693948793000000,693948793000000,,-1344123000000.0,36490377000000.0,22384684000000.0,9784429000000,
,,102504620000000,27605486000000,,,,,,,,,,,,,,,,,,,,,,,4180239000000.0,,,,,,,,,,,521595497000000.0,342609157000000,-11571006000000,14338178000000.0,,,,327007916000000,148021576000000.0,,,,26522815000000,29289535000000,2766720000000,38236616000000.0,,,95874248000000,,,49781700000000,1338075000000,1192233000000.0,205113000000.0,,159594207000000,-287000000.0,,,,492625000000.0,,5677986000000.0,,32104139000000,,92730270000000,,,,38210694000000.0,1539089000000.0,13892460000000.0,584261000000.0,,95874248000000.0,98789828000000.0,,15252380000000.0,,,134925963000000,1147876000000.0,5566420000000.0,,,7829676000000.0,,728691000000.0,3554533000000.0,26468350000000.0,22021072000000.0,97845000000.0,13096302000000.0,,22289487000000.0,5953109000000.0,85362585000000.0,108000698000000.0,96881244000000.0,38785833000000,148021576000000,1696104000000.0,2023-Q4,549217000000.0,,-9774350000000,-185655000000.0,,8515621000000.0,,-1136737000000.0,4316218000000.0,,40183879000000.0,53556747000000.0,44000286000000,114522806000000.0,5671500000000,,,386669534000000,7637650000000.0,2860966000000.0,34411258000000,36016218000000,165398901000000,,127284955000000,20380218000000.0,259259000000.0,669617073000000,669617073000000,,-1344123000000.0,21809007000000.0,7470829000000.0,10555092000000,
,,91859083000000,29138185000000,,,,,,,,,,,,,,,,,,,,,,,5232398000000.0,,,,,,,,,,,478444829000000.0,298026710000000,-11364683000000,14338177000000.0,,,,327360635000000,146942516000000.0,,,,10077203000000,16882015000000,6804812000000,38139356000000.0,,,111509466000000,,,50815799000000,2135425000000,1172864000000.0,,,147864388000000,-76080000000.0,,,,571009000000.0,,6840201000000.0,,27575885000000,,83672447000000,,,,39451116000000.0,1504299000000.0,9627698000000.0,200097000000.0,,111509466000000.0,98292858000000.0,,11014438000000.0,,,133671487000000,518826000000.0,6366189000000.0,,,7416267000000.0,,584565000000.0,3589933000000.0,24077179000000.0,22020365000000.0,97845000000.0,11137297000000.0,,22228643000000.0,6312876000000.0,63379098000000.0,85041723000000.0,78241858000000.0,38688573000000,146942516000000,1294877000000.0,2023-Q3,549217000000.0,,-8186636000000,-185655000000.0,,8187092000000.0,,-1296096000000.0,2646452000000.0,,40050133000000.0,52086664000000.0,46585028000000,95183876000000.0,7369738000000,,,344773342000000,9426913000000.0,2747202000000.0,36512248000000,32390104000000,152023108000000,,120288503000000,24312220000000.0,267945000000.0,625387345000000,625387345000000,597633000000.0,-1344123000000.0,23428624000000.0,9090447000000.0,9764559000000,
,,92524111000000,28962840000000,,,,,,,,,,,,,,,,,,,,,,,5089553000000.0,,,,,,,,,,,470275549000000.0,279246480000000,-10950065000000,14338177000000.0,,,,328734662000000,137705593000000.0,,,,13589557000000,18444407000000,4854850000000,38139356000000.0,,,114621257000000,,9892369000000.0,51520760000000,2042023000000,1213355000000.0,,,140537615000000,-257042000000.0,,,,636024000000.0,,4673493000000.0,,27790298000000,,85648109000000,,,,40570695000000.0,1486454000000.0,9250972000000.0,363204000000.0,,114621257000000.0,100697534000000.0,,10677256000000.0,,,134017008000000,4588300000000.0,6294867000000.0,,,12322588000000.0,,1947309000000.0,3547607000000.0,24667885000000.0,18481872000000.0,97845000000.0,11037588000000.0,,11180134000000.0,5786979000000.0,27240981000000.0,71311881000000.0,80654719000000.0,38688573000000,137705593000000,965550000000.0,2023-Q2,549217000000.0,,-6876002000000,-166336000000.0,,7122805000000.0,,-1101577000000.0,3058027000000.0,,40050133000000.0,53153915000000.0,63332597000000,75351703000000.0,4919214000000,,,336258541000000,5895267000000.0,2144944000000.0,36179878000000,38613559000000,150591127000000,,112747317000000,25381756000000.0,335752000000.0,607981142000000,607981142000000,351887000000.0,-1344123000000.0,17320450000000.0,2982273000000.0,9565569000000,
,,99659335949681,35324196128223,,,,,,,,,,,,,,,,,,,,,,,2783636195405.0,,,,,,,,,,,460565228466762.0,291950102720778,-10552786694665,14346642881032.0,,,,304927079616355,136311953870371.0,,,,6034848603106,17449583846608,11414735243502,38139355610001.0,,,100099331416932,,9826650611921.0,50160630278796,1551621908576,1131604243272.0,22.0,,135367480959337,-164071166112.0,,,,700469096097.0,,4734280013970.0,,27141441436706,,91911379543880,,,,39607843584131.0,1012369539343.0,9246751729685.0,643445621719.0,,100099331416932.0,114346529382259.0,,10228950870733.0,,,144389500359777,2491206849315.0,6287383483398.0,,,10051661769365.0,,1790215552010.0,3611507027766.0,25048316516406.0,18481872470828.0,87845114930.0,10604147543643.0,,7913576498660.0,5770239368040.0,40484090358817.0,65128426743224.0,68404513227343.0,38688573060001,136311953870371,846261352458.0,2023-Q1,549217450000.0,,-7747956405801,-166336398295.0,,6916186974180.0,,-1147036106015.0,2748797367383.0,,40050132800804.0,43420242283350.0,69296653664394,64421581812430.0,7151127480360,,,316175728106985,8104630379929.0,2052811368171.0,38536482785383,41309071766707,149222786414863,,108226039522609,26221056921634.0,333532045191.0,596877182337133,596877182337133,2553013466390.0,-1344123457547.0,15463408531061.0,1116765650029.0,9560017097955,
,,103707060000000,24769272000000,,,,,,,,,,,,,,,,,,,,,,,3439219000000.0,,,,,,,,,,,439194193000000.0,272222529000000,-10133819000000,4709654000000.0,,,,302584761000000,135613097000000.0,,,,7896295000000,26209213000000,18312918000000,38139356000000.0,,,111164089000000,,9866970000000.0,48534086000000,1480865000000,1149256000000.0,,,122908696000000,-275912000000.0,,,,,,2150831000000.0,,17915268000000,,98527655000000,,,,38400267000000.0,493514000000.0,10707516000000.0,481840000000.0,,111164089000000.0,120091950000000.0,,11170860000000.0,,,142642552000000,2486207000000.0,5642485000000.0,4097898000000.0,,10020595000000.0,,2790661000000.0,4176751000000.0,25915402000000.0,18481872000000.0,87845000000.0,9188024000000.0,,2030171000000.0,645829000000.0,38971277000000.0,66647396000000.0,46457886000000.0,38688573000000,135613097000000,1612492000000.0,2022-Q4,549217000000.0,,-5179405000000,-166336000000.0,,4845614000000.0,,-964363000000.0,4104310000000.0,,40050133000000.0,39409749000000.0,74825233000000,48068184000000.0,4367612000000,,,296551641000000,8257466000000.0,3640986000000.0,38926568000000,38109421000000,117446829000000,,104993428000000,20335637000000.0,297527000000.0,574807290000000,574807290000000,2352947000000.0,-1344123000000.0,14009307000000.0,9299653000000.0,8432650000000,764567000000.0
,,91632929000000,26994268000000,,,,,,,,,,,,,,,,,,,,,,,4321734000000.0,,,,,,,,,,,418345604000000.0,269408836000000,-9722912000000,4709655000000.0,,,,286162181000000,137225413000000.0,,,,9984506000000,26449568000000,16465062000000,38139356000000.0,,,104964522000000,,9975926000000.0,49010477000000,1467875000000,1231683000000.0,,,114594496000000,-149008000000.0,,,,,,2346405000000.0,,17182815000000,,85750571000000,,,,39287565000000.0,307231000000.0,10244970000000.0,339932000000.0,,104964522000000.0,109703346000000.0,,10535545000000.0,,,132018593000000,760000000000.0,5204514000000.0,4097898000000.0,,8226617000000.0,,2790661000000.0,3998141000000.0,26462392000000.0,18481872000000.0,87845000000.0,8737063000000.0,,2015966000000.0,578058000000.0,39547959000000.0,67743941000000.0,42634483000000.0,38688573000000,137225413000000,901568000000.0,2022-Q3,549217000000.0,,-5882358000000,-166336000000.0,,4753599000000.0,,-847623000000.0,4141119000000.0,,40050133000000.0,35513150000000.0,72443004000000,62819714000000.0,2196725000000,,,286327011000000,16414064000000.0,3855401000000.0,44267122000000,24336630000000,129462314000000,,97411681000000,14106151000000.0,368913000000.0,555571017000000,555571017000000,,-1344123000000.0,14947729000000.0,10238074000000.0,7327043000000,848710000000.0
,,72966814000000,21086814000000,,,,,,,,,,,,,,,,,,,,,,,3047889000000.0,,,,,,,,,,,376602364000000.0,242652310000000,-9334044000000,4709655000000.0,,,,265956317000000,132006263000000.0,,,,9358059000000,42230214000000,32872155000000,38139356000000.0,,,89129315000000,,9714070000000.0,48733811000000,760204000000,1107105000000.0,,,111514106000000,-173734000000.0,,,,,,2393954000000.0,,15025859000000,,68659702000000,,,,39399767000000.0,338367000000.0,10194648000000.0,131779000000.0,,89129315000000.0,110949522000000.0,,10517459000000.0,,,132789028000000,1000000000.0,5089301000000.0,4097898000000.0,,7286727000000.0,,,3893060000000.0,26569607000000.0,18481872000000.0,87845000000.0,8512355000000.0,,4504671000000.0,3187829000000.0,39136116000000.0,61614711000000.0,27649317000000.0,38688573000000,132006263000000,200333000000.0,2022-Q2,549217000000.0,,-4307112000000,-166336000000.0,,2488821000000.0,,-788891000000.0,7313952000000.0,,40050133000000.0,32366385000000.0,62648187000000,45927937000000.0,6096584000000,,,243813336000000,14387257000000.0,3488952000000.0,37964517000000,22353266000000,100299014000000,,96488247000000,8340676000000.0,525308000000.0,508608627000000,508608627000000,3853410000000.0,-1344123000000.0,9646090000000.0,4936435000000.0,7583216000000,928013000000.0
,,54514850000000,20959204000000,,,,,,,,,,,,,,,,,,,,,,,2592933000000.0,,,,,,,,,,,306808076000000.0,169506762000000,-8843626000000,4718123000000.0,,,,271859761000000,134558447000000.0,,,,6311683000000,15241944000000,8930261000000,38139356000000.0,,,87439287000000,,9518301000000.0,47005648000000,775850000000,1108694000000.0,,,127068186000000,-98706000000.0,,,,,,3484498000000.0,,22526485000000,,52375294000000,,,,38162022000000.0,902577000000.0,9305815000000.0,1910937000000.0,,87439287000000.0,109348630000000.0,,10313117000000.0,,,158357689000000,840000000000.0,5370221000000.0,,,1395175000000.0,24202424000000.0,,4242474000000.0,32215228000000.0,18481872000000.0,77845000000.0,6744249000000.0,,5574776000000.0,555175000000.0,20536241000000.0,38682258000000.0,19155796000000.0,38688573000000,134558447000000,142969000000.0,2022-Q1,549217000000.0,,-2139556000000,-45470000000.0,,2451453000000.0,,-584437000000.0,8276215000000.0,,40050133000000.0,26079360000000.0,18973690000000,30199211000000.0,3648828000000,,,148450387000000,13892113000000.0,1355718000000.0,30163319000000,20849048000000,83585995000000,,104541701000000,2654703000000.0,582931000000.0,441366523000000,441366523000000,314525000000.0,-1344123000000.0,6487625000000.0,1769502000000.0,6834512000000,1036814000000.0
,,53074286000000,20112289000000,,,,,,,,,,,,,,,,,,,,,,,3283080000000.0,,,,,,,,,,,268177346000000.0,163350836000000,-8291425000000,4350965000000.0,,,,263973098000000,159146588000000.0,,,,10308050000000,19653270000000,9345220000000,38052148000000.0,,,80303903000000,,9550120000000.0,43419869000000,669094000000,675057000000.0,,,130455105000000,-205091000000.0,,,,,,3303279000000.0,,23672796000000,,50910386000000,,,,35128444000000.0,215561000000.0,8831485000000.0,1594331000000.0,,80303903000000.0,102180175000000.0,,9151771000000.0,,,123732417000000,455249000000.0,5806361000000.0,,,598956000000.0,,,4293682000000.0,59500115000000.0,18481872000000.0,77845000000.0,6475455000000.0,,2578894000000.0,143707000000.0,14581608000000.0,39343650000000.0,18180233000000.0,38675533000000,159146588000000,489754000000.0,2021-Q4,623385000000.0,,-2163900000000,-45470000000.0,,2860158000000.0,,-541008000000.0,6693158000000.0,,40063173000000.0,27744066000000.0,22352075000000,20035038000000.0,6758243000000,,,144444929000000,14824123000000.0,1455458000000.0,21767291000000,18889980000000,74342928000000,,106782309000000,5614128000000.0,561133000000.0,427323934000000,427323934000000,3605159000000.0,-1344123000000.0,3897264000000.0,-453701000000.0,6773819000000,1859464000000.0
,,57978250000000,21264861000000,,,,,,,,,,,,,,,,,,,,,,,3736839000000.0,,,,,,,,,,,269305555000000.0,180400355000000,-7672466000000,4350965000000.0,,,,253202280000000,164297080000000.0,,,,10100815000000,21262502000000,11161687000000,38052148000000.0,,,76459340000000,,9529823000000.0,42257080000000,1138972000000,542435000000.0,,,123390828000000,-192424000000.0,,,,,,4212282000000.0,,20331338000000,,55382094000000,,,,34584614000000.0,221613000000.0,6852073000000.0,1194271000000.0,,76459340000000.0,102280509000000.0,,7264511000000.0,,,121067401000000,713250000000.0,7256790000000.0,,,1070427000000.0,,,4532823000000.0,64865034000000.0,18481872000000.0,77845000000.0,8395762000000.0,,1914053000000.0,357177000000.0,16032659000000.0,31515291000000.0,28310169000000.0,38675533000000,164297080000000,775018000000.0,2021-Q3,623385000000.0,,-2596156000000,-45470000000.0,,1073487000000.0,,-394662000000.0,5548731000000.0,,40063173000000.0,24372731000000.0,29008286000000,26628727000000.0,7601808000000,,,148238154000000,14583666000000.0,1801765000000.0,20028857000000,17705522000000,83792891000000,,103059490000000,8947009000000.0,681190000000.0,433602635000000,433602635000000,3625821000000.0,-1344123000000.0,3670170000000.0,-680795000000.0,6206506000000,2036798000000.0
,,58533560000000,21504967000000,,,,,,,,,,,,,,,,,,,,,,,2948665000000.0,,,,,,,,,,,273439641000000.0,165296005000000,-7127436000000,4350965000000.0,,,,252585443000000,144441807000000.0,,,,17250407000000,24510081000000,7259674000000,33824306000000.0,,,69412721000000,,11319081000000.0,41752849000000,1235561000000,546901000000.0,,,126688525000000,-87658000000.0,,,,,,8796215000000.0,,21621056000000,,56537128000000,,,,34625413000000.0,238677000000.0,6702715000000.0,1363471000000.0,,69412721000000.0,95402628000000.0,,7131117000000.0,,,119101450000000,2580500000000.0,7327345000000.0,,,2938211000000.0,,,4842434000000.0,55366942000000.0,7235206000000.0,77845000000.0,10627580000000.0,,3504604000000.0,357711000000.0,14914277000000.0,28243313000000.0,11670946000000.0,34447691000000,144441807000000,593368000000.0,2021-Q2,623385000000.0,,-1996432000000,-45470000000.0,,2122331000000.0,,-347146000000.0,4631298000000.0,,39753216000000.0,26216329000000.0,36008192000000,31437036000000.0,9119336000000,,,154338191000000,12882666000000.0,1974450000000.0,17792221000000,17650578000000,63503654000000,,105067469000000,6609412000000.0,906863000000.0,417881448000000,417881448000000,558316000000.0,-969393000000.0,8617958000000.0,4266993000000.0,5456022000000,2194213000000.0
,,64183157918614,20581902641544,,,,,,,,,,,,,,,,,,,,,,,2493993964953.0,,,,,,,,,,,280058249363592.0,162828935204072,-6931776395099,4359644636275.0,,,,257003768695627,139774454536107.0,,,,9679175902182,23042288049380,13363112147198,33824305900000.0,,,70447979093237,,5503264684036.0,41350549216887,1146595970834,552852933441.0,,,125039798875863,-60861121430.0,,,,,,3913785607623.0,,21681229650906,,62787769480762,,,,34418772821788.0,304684513562.0,6930517371276.0,825828512003.0,,70447979093237.0,98827098698641.0,,7424927524837.0,,,117534688416507,5938500000000.0,7700158736863.0,,,7421707689625.0,,,5158113078255.0,58523318037947.0,7235205990828.0,67845114930.0,10911427763269.0,,6286743523419.0,1483207689625.0,14523178149273.0,38910978244842.0,13669947003492.0,34447690560000,139774454536107,363861003621.0,2021-Q1,623384660000.0,,-1395388437852,-45469660001.0,,380786986712.0,,-234266056993.0,6203657935270.0,,35415484895676.0,22767891534210.0,34851877377903,34038016229304.0,5969253907623,,,162523560947085,7804267985337.0,2535453051674.0,17743217973337,19128826055416,59565069546717,,103358569224957,3764458601566.0,890889866804.0,419832703899699,419832703899699,2290663600000.0,-2282955188176.0,6428726246332.0,2069081610057.0,4979587371429,2371491454794.0
,,58259220000000,16187120000000,,,,,,,,,,,,,,,,,,,,,,,5030514000000.0,,,,,,,,,,,288510783000000.0,164454221000000,-6567813000000,3107393000000.0,,,,259813564000000,135757002000000.0,,,,9085433000000,28175943000000,19090510000000,33824306000000.0,,,71941052000000,,5505646000000.0,41533497000000,1450807000000,538957000000.0,,,125080437000000,-42079000000.0,,,,,,5971664000000.0,,21876298000000,,57224825000000,,,,34965684000000.0,2725460000000.0,4576668000000.0,1126829000000.0,,71941052000000.0,98309224000000.0,,7413792000000.0,,,113835661000000,6015000000000.0,8169982000000.0,,,7235669000000.0,,,5254620000000.0,56769798000000.0,7235206000000.0,67845000000.0,11685463000000.0,,2451100000000.0,1220669000000.0,14659975000000.0,46558034000000.0,12929271000000.0,34447691000000,135757002000000,963953000000.0,2020-Q4,623385000000.0,,-1034395000000,-123531000000.0,,649285000000.0,,-231781000000.0,3960684000000.0,,35473593000000.0,25472563000000.0,37196791000000,26849120000000.0,11763511000000,,,174675122000000,8539910000000.0,3125511000000.0,18340419000000,21242164000000,55764939000000,,103204139000000,7401299000000.0,683124000000.0,424267785000000,424267785000000,6027042000000.0,-2284059000000.0,4089007000000.0,981614000000.0,4581396000000,2523804000000.0
,,73829548324905,21318145334097,,,,,,,,,,,,,,,,,,,,,,,3643013296619.0,,,,,,,,,,,305459008440590.0,182768718853564,-6219762416335,3107392230742.0,,,,247241895582980,124551605995954.0,,,,9922420296788,30288635664437,20366215367649,33824305899999.0,,,62715186448617,,5518344440517.0,39642433701013,978245977379,549710196398.0,,,120698372736247,-29016180160.0,,,,,,4506498867433.0,,20142913110784,,72027916195169,,,,33422671284678.0,3556274713441.0,9552258300846.0,1017892774712.0,,62715186448617.0,107564345485717.0,,13240746987620.0,,,122152598348968,5371000000000.0,6734036238768.0,,,6503227053224.0,,,5594995569270.0,42455715939476.0,7235205990828.0,67845114930.0,9776955271719.0,,1536160711656.0,1132227053224.0,25150432654162.0,53129419490487.0,10986982021561.0,34447690559999,124551605995954,732063732055.0,2020-Q3,623384660000.0,,-1801632129736,-202981326667.0,,371149170698.0,,-210410104865.0,688532511000.0,,35446990043971.0,22865361445178.0,44251546432488,30629236100526.0,4987738537528,,,183306410091622,10285997074859.0,3629181533708.0,16284325490453,18284255429418,58665039816105,,100555459625463,9082981653851.0,79156117190.0,430010614436544,430010614436544,816434970095.0,-2284059001992.0,7211233528902.0,4103841298160.0,4740006975590,1917072328661.0
,,86049342175604,14535672898632,,,,,,,,,,,,,,,,,,,,,,,2679948339576.0,,,,,,,,,,,305909346330657.0,193564601234967,-5848754701894,3114757963743.0,,,,236008506836436,123663761740746.0,,,,9915620557855,27186374484425,17270753926570,33824305900000.0,,,59391290417346,,5516244581280.0,39240815086854,301379952140,436100319261.0,,,119315359484744,-31519833349.0,,,,,,938575819790.0,,19580318514026,,84090530652027,,,,33392060384960.0,1995895969010.0,10361992106552.0,990516033861.0,,59391290417346.0,94968270227935.0,,12456718715563.0,,,108906687846323,781620167699.0,7092262244981.0,,,932417921723.0,,,5734481698855.0,42657908604807.0,7235205990828.0,57845114930.0,9458315252693.0,,1111754915258.0,150797754024.0,28180436476377.0,49833369516354.0,13591619204822.0,34447690560000,123663761740746,546871759575.0,2020-Q2,623384660000.0,,-1958811523577,-186364659999.0,,149320069873.0,,-313134878509.0,693485677496.0,,35446990043971.0,21019601066545.0,50873161087122,43392623806224.0,653380519790,,,197002658484334,15753327507160.0,4004953021809.0,19601571295945,20673446986562,63169056028050,,99735040970718,7290150244880.0,65106054614.0,429573108071403,429573108071403,,-2284059001992.0,6133700261551.0,3018942297808.0,4680023548550,2094681187193.0
,,86640801286260,13743877081188,,,,,,,,,,,,,,,,,,,,,,,2615407539759.0,,,,,,,,,,,291500509531999.0,189221711598252,-5508464858688,3119757963743.0,,,,224391139235591,122112341301844.0,,,,7161118280247,10999921092614,3838802812367,33824305900000.0,,,59202790904931,,10458341112117.0,38590391488686,392252654583,470047360052.0,,,114066902482628,-15146434756.0,,,,,,1186267581913.0,,19720216908954,,84452449024432,,,,33081926629998.0,2024725580145.0,3885538296552.0,484330377327.0,,59202790904931.0,83793104467509.0,,5985927850030.0,,,102444809654269,916620167699.0,7262441606684.0,,,1166098372547.0,,,6026558025195.0,44294382275256.0,7235205990828.0,52845114930.0,9719367316839.0,,1053913906797.0,249478204848.0,37190477643664.0,50330147718169.0,13030993503547.0,34447690560000,122112341301844,534127753943.0,2020-Q1,623384660000.0,,-2188352261828,-209531326667.0,,158514405272.0,,-393885783675.0,298591753191.0,,35446990043971.0,18803902879811.0,52583701528207,42353363617950.0,9483443641913,,,189055699877730,16101376907160.0,4740090314084.0,17955010454812,15986236866704,60437372163032,,94346685573674,5550220219996.0,34098023704.0,413612850833843,413612850833843,8582371360000.0,-2284059001992.0,2934432753607.0,-185325210136.0,5732385371070,2200462206404.0
,,85402745361675,17604445331193,,,,,,,,,,,,,,,,,,,,,,,3170448444131.0,,,,,,,,,,,287972083401002.0,201493474716457,-5246733423244,5135160635246.0,,,,207079196163460,120600587478915.0,,,,7638487601862,18488606092486,10850118490624,33685755560000.0,,,48182151244449,,10259215445530.0,38793528991047,657031247053,463085690623.0,,,108679270461791,39352348939.0,,,,,,1886671587689.0,,19250047524992,,83273298434162,,,,33546795567803.0,2107063692009.0,1706242016552.0,799169215143.0,,48182151244449.0,86480517444900.0,,4671123766965.0,,,104356315341339,907650000000.0,6985630169563.0,,,1143047617332.0,,,5160539802129.0,44172326275211.0,7235205990828.0,52845114930.0,9707334472188.0,,1028397530389.0,235397617332.0,34099665289310.0,50467867313332.0,10149568417059.0,34309140220000,120600587478915,1136121655118.0,2019-Q4,623384660000.0,,-2129446927513,-148651656110.0,,165390212625.0,,-279685406613.0,254858494783.0,,29317902372191.0,20565701360541.0,52381513325979,31044532091721.0,10419839649675,,,183615768059663,21322038969345.0,3400444257616.0,19279649907243,17885942614555,68076017218227,,89429222936799,6708782759503.0,30203449332.0,408572670879917,408572670879917,9539637776500.0,-2284059001993.0,7757874158809.0,2622713523563.0,4941113647556,2181809560718.0
,,78174972209679,9311130595215,,,,,,,,,,,,,,,,,,,,,,,3311232651136.0,,,,,,,,,,,231751079032904.0,166285993086361,-4270171715355,5088149760503.0,,,,190873242790586,125408156844043.0,,,,9910083810686,16526657094574,6616573283888,33459353890000.0,,,64091841440319,,10264070778943.0,32963829506247,798493119125,509622614558.0,,,79447014055939,12511141865.0,,,,,,1771629635532.0,,3533149831761,,77341470740345,,,,28693657790892.0,2310173304212.0,1512615516552.0,293154657532.0,,64091841440319.0,63037914450280.0,,4673236225345.0,,,80562648567896,66650000000.0,8113489640498.0,,,419513734772.0,,,5305704699753.0,48489593133905.0,7235205990828.0,52845114930.0,10978655815195.0,,1020886473905.0,352863734772.0,8244115309039.0,27205104039850.0,10551317025166.0,34299353890000,125408156844043,1047956887826.0,2019-Q3,840000000000.0,,-833501469334,-41256656110.0,,131294892925.0,,-306974634583.0,231727396250.0,,32644458671477.0,16906160915190.0,38194446764944,33803461524653.0,879925574841,,,151188430465008,17493009106330.0,2698609586078.0,27254170150508,17548529197501,64302652242636,,75913864224178,12939811087658.0,57913718656.0,357159235876947,357159235876947,,-2453134013488.0,5127322914526.0,39173154023.0,3469936254157,3602660255910.0
,,49417218376921,9302800866907,,,,,,,,,,,,,,,,,,,,,,,2706081466710.0,,,,,,,,,,,212351073184135.0,162795277689985,-4043542980386,5088149760503.0,,,,175728901691663,126173106197513.0,,,,13277188937271,23549297107100,10272108169829,33459353890000.0,,,47180518967075,,10284997394987.0,32822152758139,999846923258,506356572973.0,,,78504912575519,26531875529.0,,,,,,2064832369147.0,,3511006412434,,48679276260924,,,,28778609777753.0,2698232960253.0,1749917700319.0,462307208206.0,,47180518967075.0,68907350232545.0,,5420768174178.0,,,86737233181455,66650000000.0,7520757764921.0,,,350149904968.0,,,5452388562241.0,43844640940993.0,7235205990828.0,52845114930.0,14911277743751.0,,969111769476.0,283499904968.0,25188445556879.0,25525213338219.0,33729312594535.0,34299353890000,126173106197513,729586006295.0,2019-Q2,840000000000.0,,-737942115997,-41256656110.0,,154721441027.0,,-305317869326.0,385034892444.0,,34502578372846.0,17637025014119.0,28004070007075,23112084974306.0,1050958199431,,,125613840002680,4645509106330.0,2132375468795.0,27016107280035,13628137764637,74388411978481,,74993906163085,13886606538875.0,383528338305.0,338524179381648,338524179381648,,-2453134013488.0,8665084025875.0,3576934265372.0,2550318924119,3778001076205.0
,,56032008069399,13433637970789,,,,,,,,,,,,,,,,,,,,,,,1972735548647.0,,,,,,,,,,,211752772145368.0,153900473523258,-3666843682621,5095996481223.0,,,,160225180193050,102372881570940.0,,,,6028456570925,7441890315078,1413433744153,31916212300000.0,,,64087134145802,,10225743672677.0,29562422091036,715176143346,773935953117.0,,,50921653119491,-14362302924.0,,,,,,3859983025475.0,,998429060370,,55827435337602,,,,25895578408415.0,2537500316020.0,1612138347237.0,187004037780.0,,64087134145802.0,69906218241843.0,,6122513102924.0,,,87819994633441,55000000000.0,5547372654217.0,,,347031334399.0,,,5633285899417.0,47416312629152.0,7235205990828.0,42845114930.0,10651221853135.0,,962056399172.0,292031334399.0,15394676212051.0,18443895211807.0,29339016851630.0,32756212300000,102372881570940,473230178245.0,2019-Q1,840000000000.0,,-204572731797,-41256656110.0,,131750429435.0,,-266249657368.0,192541966058.0,,11442900804192.0,15928271503435.0,32666396275187,22197134376642.0,1845851929698,,,123932777511927,4346524106330.0,2513153025325.0,31610113339576,19303259531885,78463042610957,,49923224059121,12755312920021.0,220466814798.0,314125653716308,314125653716308,,-2974924074484.0,6468691109246.0,1372694628023.0,2516210607672,4394384756670.0
,,54113514894337,7746409789506,,,,,,,,,,,,,,,,,,,,,,,2615891918855.0,,,,,,,,,,,190046044262483.0,132457316789570,-3794997305424,5583084564118.0,,,,156647779954035,99059052481122.0,,,,8567731753292,13558510960848,4990779207556,31916212300000.0,,,59424065890391,,,32675197998418,372483272802,750295011023.0,,,47270468873063,,,,,,,3951277849480.0,,817528270717,,53205960623623,,,,28880200692994.0,2546385754285.0,1594869498288.0,,,59424065890391.0,71976376885859.0,,6090552704984.0,,,79379120044952,4505000000000.0,4403729161547.0,,,4906359857879.0,,,5705021945822.0,45732014278946.0,7235205990828.0,42845114930.0,7124885489921.0,,947426202248.0,401359857879.0,25035299039511.0,15394277181479.0,20812741911646.0,32756212300000,99059052481122,347560833774.0,2018-Q4,840000000000.0,,-907554270714,-50382547589.0,,,,-257596679921.0,329416096905.0,,11442900804192.0,20293676556291.0,24728293712406,19115963139737.0,1951597849480,,,110666924217531,627857439663.0,3267081194828.0,19386853427592,14464075860041,48316265888486,,46452940602346,13377768918043.0,44562235043.0,289105096743605,289105096743605,,-2974924074484.0,4824798066710.0,-758286497408.0,2503020464884,4125582972589.0
,,45466226838882,6937297829958,,,,,,,,,,,,,,,,,,,,,,,2719432553170.0,,,,,,,,,,,170119841630437.0,128742276570646,-3369021460746,5583084564118.0,,,,139487875565474,98110310505683.0,,,,6120988479153,15942086048860,9821097569707,31916212310000.0,,,56065336300269,,,27959732949118,368882217365,137271656271.0,,,42870071167861,,,,,,,3396121558696.0,,755209944894,,45116873727956,,,,24590711488372.0,2695892001247.0,1252793290919.0,,,56065336300269.0,54447659960983.0,,5844089740687.0,,,60237429679376,58257497661.0,4082734077959.0,,,419501800638.0,,,4864200664088.0,46007390314122.0,,42845114930.0,6516269350896.0,,788297398034.0,361244302977.0,14994843577256.0,15213085635419.0,19921029469185.0,32756212310000,98110310505683,357789449219.0,2018-Q3,840000000000.0,,-349353110926,-54595551479.0,,,,-154203880685.0,225269261182.0,,11133149167904.0,17029453579007.0,37986989392796,15041352547118.0,1446121558696,,,109882411951061,4526787942002.0,4501850691781.0,24120358680296,10767304727253,55351270040756,,42114861222967,10541734805897.0,45012423359.0,268230152136120,268230152136120,,-2974924074484.0,11145637673211.0,5562553109093.0,2230143696360,4214222244537.0
,,43823443752699,6037473097209,,,,,,,,,,,,,,,,,,,,,,,2480488691311.0,,,,,,,,,,,155337739042930.0,102333260586261,-3026476975298,5578084564118.0,,,,139842406708452,86837928251783.0,,,,5919842946805,13440688376144,7520845429339,26377079540000.0,,,52095847902922,,,26766589310907,322520266048,144668603209.0,,,40070216733854,,,,,,,3340085821165.0,,713331694648,,43454219999758,,,,23740112335609.0,2696727454551.0,1303193293919.0,,,52095847902922.0,42999628505876.0,,5899538200881.0,,,51298321237677,3257497661.0,2945262456553.0,,,309526704397.0,,,7408440322208.0,44892665529366.0,,42845114930.0,23332481278173.0,,745583806384.0,306269206736.0,16166337408047.0,19365713025988.0,3629770149735.0,26377079540000,86837928251783,177695828217.0,2018-Q2,,,-369223752941,-50382547589.0,,,,-191211973828.0,192817373674.0,,2783309592972.0,14786729518527.0,36781703774430,12134284310938.0,1390085821165,,,104039417805253,5597480368968.0,4189543736465.0,17437031152804,9364100986345,32510542794888,,39356885039206,8755884295823.0,137898057335.0,242175667294713,242175667294713,,-2974924074484.0,15716952548999.0,10138867984881.0,2581667986765,4427032830402.0
,,48697299576377,6261981704791,,,,,,,,,,,,,,,,,,,,,,,1602813025797.0,,,,,,,,,,,164593284266424.0,95552644236499,-2910453922433,5583084564118.0,,,,128296951725886,59256311695961.0,,,,5845051277950,7694183902323,1849132624373,26377079540000.0,,,46330643660208,,,23341672948939,334803731757,145155515413.0,,,36260075197660,,,,,,,3042585682134.0,,694216778771,,48244556830928,,,,20431219026506.0,2733549131410.0,1186193290919.0,,,46330643660208.0,32370197175316.0,,5823368903956.0,,,40817424360169,3257497661.0,3636379835781.0,,,434203703312.0,,,7517048574997.0,26281066938715.0,,37845114930.0,25175587294102.0,,785023094443.0,430946205651.0,14756283544034.0,22717355506769.0,4033187744125.0,26377079540000,59256311695961,231806793854.0,2018-Q1,,,-452742745449,-69658619589.0,,,,-433654937255.0,252510798437.0,,2651165167904.0,13600635930923.0,49259549736594,22872344359143.0,1101669692918,,,123775859906255,5596839828536.0,5124620171816.0,12240915626476,9763591456807,27699269966673,,35565858418889,3475252297931.0,98997947829.0,223849595962385,223849595962385,32369112000.0,-2974924074484.0,6884079008896.0,1300994444778.0,1646026023635,4444055803424.0
,,48879371589513,5079441894063,,,,,,,,,,,,,,,,,,,,,,,1684860038429.0,,,,,,,,,,,162548919039784.0,100528907402875,-2752382160417,1966057396470.0,,,,114326190623114,52306178986205.0,,,,6708881653993,8610503937845,1901622283852,26377079540000.0,,,45417393197060,,,20125343841594,361376604350,128822478931.0,,,35646902056243,,,,,,,2110151979912.0,,735035185209,,48615074256804,,,,17372961681177.0,2439624600795.0,2176054659423.0,,,45417393197060.0,31456562477905.0,,6528162235221.0,,,37652250766593,9257497663.0,3059312822219.0,,,478498503283.0,,,5325616721846.0,21089872499982.0,,37845114930.0,3420689426569.0,,741249087911.0,469241005620.0,22146127334711.0,22132207751404.0,5924814041734.0,26377079540000,52306178986205,193924814920.0,2017-Q4,,,-264297332709,-27022256997.0,,,,-193124573706.0,175402166437.0,,2624458131469.0,11468143057219.0,56976376690771,17924743413096.0,203015859912,,,124896668273191,7728268399963.0,4910976403178.0,10438753206842,9470511140066,28978152968896,,34911866871034,4870499200849.0,116391266846.0,214855098025989,214855098025989,32369112000.0,-2974924074484.0,5151847774308.0,3185790377838.0,1070825754101,5461583523561.0
,,52333290766785,7792269761437,,,,,,,,,,,,,,,,,,,,,,,1736734074052.0,,,,,,,,,,,155219857627641.0,100624617684472,-2439858412478,937345253453.0,,,,104313322252617,49718082309448.0,,,,3777291632024,6947208189094,3169916557070,26377079540000.0,,,40550865975605,,,19488658414363,394386932059,101198941288.0,,,29932578776239,,,,,,,1380285629070.0,,676279331532,,52179217204328,,,,17048800001885.0,2491228320674.0,2166246473235.0,,,40550865975605.0,34671898869703.0,,5743347768912.0,,,40777751662618,364400978855.0,2540948516606.0,,,775630689932.0,,,5259664980207.0,22069350553690.0,,37845114930.0,2935335448665.0,,744988871420.0,411229711077.0,21456900440917.0,19072839922767.0,3656517242813.0,26377079540000,49718082309448,347031194617.0,2017-Q3,,,-154073562457,-26274356997.0,,,,-154306164331.0,141353278746.0,,2446243358925.0,8812614052224.0,60858054239594,11501639999569.0,300507409070,,,114442105965023,7025192114249.0,4552921326059.0,9332803020483,8603117991877,27652475974651,,29256299444707,3368721211577.0,49859045089.0,204937939937089,204937939937089,32369112000.0,-2974924074484.0,1762487816387.0,825142562934.0,1030737002593,7326763591379.0
,,53647871275709,3778726868997,,,,,,,,,,,,,,,,,,,,,,,1007562917538.0,,,,,,,,,,,148962015392697.0,93983221836377,-2295901095434,937345253453.0,,,,98807117344398,43828323788078.0,135141659030.0,,,4799173240434,9703829613319,4904656372885,26377079540000.0,,,36248694818573,,,20405038848634,399520837508,350561802555.0,,,26833839573049,,,,,,,87060572758.0,,684747885170,,53605107187415,,,,18109137753200.0,3366668071967.0,1819180749339.0,,,36248694818573.0,33340317445533.0,,5255848821306.0,,,38845307056736,1154594025447.0,2742814548566.0,,,1554431252599.0,,,4466593361235.0,16127536699490.0,,37845114930.0,3142335386074.0,,687834447413.0,399837227152.0,13606047704593.0,22117166683854.0,4171523056354.0,26377079540000,43828323788078,137207729671.0,2017-Q2,,,-42764088294,-18308592000.0,,,,-239851354682.0,,,2504959737448.0,9204811788269.0,57992668050304,10782944791280.0,31121092758,,,110116708335961,7111959038852.0,4241546215458.0,6321882222669,6649656047533,21144239832190,,26149091687879,2089548668482.0,69962189559.0,192790339180775,192790339180775,32369112000.0,-2974924074484.0,1755826770694.0,818481517241.0,1080292111780,7662829739597.0
,,50841804103534,3405295320743,,,,,,,,,,,,,,,,,,,,,,,1815915925779.0,,,,,,,,,,,144098188793320.0,90043249067843,-2028612534690,942345253453.0,,,,97212463812450,43157524086973.0,,,,8140303411902,13699824350754,5559520938852,26377079540000.0,,,36762194208797,,,19623451703139,325422855560,357597108850.0,,,26504026676894,,,,,,,252060572758.0,,816269915231,,50759812010281,,,,17594839168449.0,2271359507905.0,1820074455183.0,,,36762194208797.0,37982802980193.0,,4133827647117.0,,,41745089180671,1151326442901.0,2218311091818.0,,,1720798768233.0,,,2771011796282.0,16918799515040.0,,32845114930.0,2543733947378.0,,633677295346.0,569472325332.0,9886536405885.0,24164117597918.0,5293569888051.0,26377079540000,43157524086973,105168555225.0,2017-Q1,,,-81992093253,-45466167971.0,,,,-169412339926.0,89696213174.0,,2504959737448.0,9293655425561.0,53135228215044,6798126803914.0,196569832758,,,102353099612649,2873821386253.0,4300404757851.0,6235479702814,5949487816875,17638753957935,,25687756761663,1001703059159.0,93592787750.0,187255712880293,187255712880293,32369112000.0,-2974924074484.0,298764254039.0,-643580999414.0,1216043880744,7953043395582.0
,,32133977525624,4022161797433,,,,,,,,,,,,,,,,,,,,,,,945630985001.0,,,,,,,,,,,135224264332172.0,70686264804718,-1969906173528,407299862168.0,,,,109119319302361,44581319774907.0,,,,6397283752504,9971285683831,3574001931327,26377079540000.0,,,50780212295222,,,20312291993018,258536387432,425757688675.0,,,25115925131602,,,,,,,550784452807.0,,814208537585,,32045142734831,,,,18342385819490.0,1728346733180.0,1610707431327.0,,,50780212295222.0,34157721480964.0,,3343675746991.0,,,37912760737267,58989915115.0,2306493560226.0,,,489236420627.0,,,2237176983439.0,18196421207300.0,,32845114930.0,2565029947658.0,,1092104584189.0,430246505512.0,10148727153342.0,19101698735120.0,6007103354593.0,26377079540000,44581319774907,166065574535.0,2016-Q4,,,-88834790793,-84375077516.0,,,,-185635608775.0,103105787352.0,,2503854244458.0,9089677319768.0,49514035931698,5379310813038.0,494156904807,,,97311503594905,6228758638813.0,3311003367197.0,4814681595145,6975501839211,20887069777209,,24301716594017,6036476609182.0,60211825854.0,179805584107079,179805584107079,32369112000.0,-2974924074484.0,446043742703.0,38743880535.0,1057277061687,8482853940771.0
,,37870571415464,3375914174925,,,,,,,,,,,,,,,,,,,,,,,1581852223059.0,,,,,,,,,,,131329367041259.0,84004795434053,-1808487104083,407299862168.0,,,,89229165809492,41904594202286.0,,,,4438190991855,9653393353822,5215202361967,26377079540000.0,,,32762533245947,,,17409858939729,191485004121,436182041517.0,,,23601509497846,,,,,,,2967790655091.0,,877338939581,,37731669124664,,,,15601371835646.0,5107696456693.0,2151228934429.0,,,32762533245947.0,40276068681229.0,,7158821898909.0,,,47549473820438,62559839164.0,2835067079465.0,,,442516911835.0,,,2434516326537.0,15833155964571.0,,32845114930.0,3026552083586.0,,4402706771155.0,379957072671.0,16974954795867.0,24330111573162.0,8705872927361.0,26377079540000,41904594202286,157635424465.0,2016-Q3,,,-138902290800,-115491687413.0,,,,-562857679071.0,100009388608.0,,2471823213919.0,7951828310988.0,37829335485812,4484911311877.0,2984771571891,,,83779893220821,4100954022355.0,3025134509674.0,7487736810086,5514880586140,23107620255656,,22724170558265,1829328916710.0,72242589163.0,173233961243545,173233961243545,32369112000.0,-2974924074484.0,164614443350.0,-242685418818.0,982350361336,6635860335723.0
,,31144462031298,8505468268547,,,,,,,,,,,,,,,,,,,,,,,1150240601034.0,,,,,,,,,,,114772286385482.0,73433113683804,-1739183948024,407299862168.0,,29102487760.0,,85899538484933,44560365783255.0,1937372648.0,,,3252460691705,4585330387344,1332869695639,21532347920000.0,,,20475505530143,,,19202652732116,205810378527,461666070658.0,,,22501341958885,,,,,,,5398453946173.0,,743994452255,,30995328622759,,,,17463468784092.0,10863819395817.0,1950606563102.0,,,20628249569087.0,34012728316754.0,,12713758692752.0,,,41150466878077,67559839165.0,1729344637228.0,,152744038944.0,1027014838388.0,,,2116152940300.0,18109194644866.0,,32845114930.0,7935155015755.0,,4559405267682.0,960486967232.0,22154096965779.0,25114971688185.0,4344943690414.0,21532347920000,44560365783255,155235149334.0,2016-Q2,,,-149133408539,-116534117367.0,-1031968009.0,514282683.0,,-567906103991.0,109447815787.0,,7316554833920.0,7187085201536.0,28014661126894,4742976414449.0,5414956206973,,,73621819507405,1588968412129.0,2066996958144.0,5817555261342,5738967150513,19718132016201,,21757347506630,1406296987025.0,197119136382.0,159332652168737,159332652168737,32369112000.0,-2974924074484.0,544347344023.0,137047481855.0,1020519840749,6630549625974.0
,,24732599046131,3503191524056,,,,,,,,,,,,,,,,,,,,,,,2771354006534.0,,,,,,,,,,,109923635428227.0,69412014536502,-1591784758987,1601415502116.0,,,,81275739064470,40764118172745.0,,,,3940151667650,5229600576496,1289448908846,19398548510000.0,,,19261037375522,,,19232715442658,147290978697,453989018472.0,,,20831581244960,,,,,,,10040464954250.0,,684934002167,,24645088188777,,,,17640930683671.0,6724484101868.0,3487165993681.0,,,19261037375522.0,36430828700239.0,,10244670372815.0,,,42453856945629,62559839165.0,1390643667287.0,,,372140790020.0,,,1181430967135.0,14821692263976.0,,27845114930.0,7537934645984.0,,4387608259783.0,310629959226.0,22496998897043.0,27540817802931.0,3626931666324.0,19398548510000,40764118172745,157600726038.0,2016-Q1,,,-87510857354,-102244886734.0,-1049008371.0,,,-220137491916.0,123877891490.0,,7284581776846.0,6109739238876.0,20640603300323,2959349760218.0,9937568902250,,,67469778482598,2383499412801.0,1971061429627.0,7596610329638,6059910853614,16890095440903,,20146647242793,1106524902574.0,104428999319.0,150687753600972,150687753600972,32369112000.0,-2974924074484.0,2206374581477.0,604959079361.0,846833530163,8387443951498.0
,,27024539524263,2301716569182,,,,,,,,,,,,,,,,,,,,,,,930832270187.0,,,,,,,,,,,108603013144392.0,66451288511822,-1303149378717,456395865587.0,,,,79605423726007,37453699093437.0,,,,3795339484796,7636578798711,3841239313915,18681880870000.0,,,18543369020726,,2382401760582.0,18113333413186,205138150541,383497003364.0,,,19702651975208,,,,,,,10412828394903.0,,1074986300775,,26966061377808,,,,16810184034469.0,6816703138851.0,2882019433681.0,,,18543369020726.0,33176402695829.0,,9698722572532.0,,,43212577237827,62559839165.0,1755850963522.0,,,234387981893.0,,,2837039704773.0,14543739126179.0,,27845114930.0,10060989114063.0,,4433236073279.0,172877151099.0,13503754284131.0,28369074567508.0,2496809159209.0,18681880870000,37453699093437,83697681039.0,2015-Q4,,,-58478146455,-14958000000.0,-1049008371.0,,,-237597866628.0,120697938748.0,,5796744241466.0,6474864665282.0,20975224126168,1400131037786.0,10430239506903,,,65390435906565,1763123912802.0,1478285649586.0,7258270074222,5280926307815,13582321848787,,18627665674433,1754987312032.0,12152523319.0,146056712237829,146056712237829,32369112000.0,-2974924074485.0,1378413815347.0,922017949760.0,677981502190,8605119027116.0
,,22596206849127,2423303370516,,,,,,,,,,,,,,,,,,,,,,,1357307099282.0,,,,,,,,,,,94313930401127.0,60726434232996,-1232985933832,456395865587.0,,,,65207518612774,31620022444643.0,,,,3215691654484,9895961264635,6680269610151,18460745440000.0,,,21691669733724,,3098596321186.0,15634310161671,96620066642,90886542688.0,,,13470843722064,,,,,,,6249716297368.0,,775788260139,,22485171401773,,,,14401324227839.0,1216282990843.0,1841292443945.0,,,21691669733724.0,30363195706045.0,,3057575434788.0,,,39816056047892,935232629265.0,1155224791535.0,,,1111239365124.0,,,1877835556847.0,9424103804417.0,,27845114930.0,9451844858177.0,,4385541921126.0,176006735859.0,19030235801109.0,25835330114668.0,2151735702491.0,18460745440000,31620022444643,67406340714.0,2015-Q3,,,-111035447354,-13701528000.0,,,,-177957206090.0,107689446421.0,,5309594721906.0,4422868885835.0,15976190294631,3207003937066.0,6268383881368,,,54497874353235,2181951122702.0,2127476232154.0,4512857352626,2619669342004,11091890342245,,12695055461925,904408892614.0,110589631731.0,125933952845770,125933952845770,32369112000.0,-2974924074484.0,1372657437874.0,916261572287.0,701753020956,6123021271058.0
,,20799707838594,1404507223030,,,,,,,,,,,,,,,,,,,,,,,610703446422.0,,,,,,,,,,,79990361551170.0,48904235779469,-1108703322288,4220035125587.0,,,,61629205890196,30543080118495.0,1715528487.0,,,2693690323143,8828151979168,6134461656025,14587886850000.0,,,18350860837628,,3354203646453.0,15417466043077,82380034047,167756630698.0,,,12641270104407,,,,,,,7063255972126.0,,490713221821,,20711803465279,,,,14308762720789.0,1100231385579.0,1813291443945.0,,,18350860837628.0,30832991161347.0,,2913522829524.0,,,40279795515153,935232629265.0,1353705045904.0,,,1051848975037.0,,,1559607497461.0,8761761270117.0,,27845114930.0,11036085079951.0,,4365236579194.0,116616345772.0,6667406328066.0,21663228595882.0,1522788357019.0,14587886850000,30543080118495,80112456880.0,2015-Q2,,,-87904373315,-14599008000.0,,,,-131532801875.0,115478420552.0,,5082911766930.0,2877282555091.0,7364181270583,3712297179585.0,7154438377626,,,39710566036017,2181951122702.0,363169808567.0,3350976817624,2254950504755,8328690718500,,12150556882586,1030616077780.0,57746380281.0,110533441669665,110533441669665,105781413500.0,-2974924074484.0,5057599191002.0,837564065415.0,673979960878,6126855342860.0
,,16113425265922,1107572003364,,,,,,,,,,,,,,,,,,,,,,,588718520322.0,,,,,,,,,,,68107005347903.0,38940060857274,-1014266374361,0.0,0.0,5048783825.0,0.0,57116785120954,27949840630325.0,0.0,0.0,0.0,2730472835412,5399732443220,2669259607808,14545550980000.0,0.0,0.0,14371791441501,0.0,3391928978062.0,16600841593444,65640199738,167505926674.0,0.0,0.0,10961324684772,0.0,0.0,0.0,0.0,,0.0,6046710609439.0,0.0,511975019679,0.0,16027037034619,22845114930.0,,0.0,15586575219083.0,1038426026860.0,1813191443947.0,0.0,0.0,14371791441501.0,29019903566899.0,0.0,2851617470807.0,0.0,0.0,39021595105208,935941664306.0,1126024428532.0,0.0,0.0,1134858122146.0,0.0,0.0,1471711977790.0,7121818186068.0,0.0,0.0,11200921473270.0,0.0,4970544655783.0,198916457840.0,8510720628227.0,13650045576791.0,784721098091.0,14545550980000,27949840630325,53660368723.0,2015-Q1,0.0,0.0,-86388231303,-14898168000.0,0.0,0.0,0.0,-108897166434.0,119670792925.0,0.0,4582534150067.0,3117802428545.0,5857714276686,3713895293411.0,6137593854939,0.0,0.0,29085410242695,2325116122168.0,146099504689.0,2613591460140,1551284569636,6727152301154,0.0,10449349665093,432618415656.0,26756715680.0,96056845978228,96056845978228.0,105781413500.0,-2974924074485.0,4652016273745.0,0.0,613513598088,6014325131875.0
,,11935183432936,831494114390,,,,,,,,,,,,,,,,,,,,,,,,,,,,,,,,,,63205460292318.0,31608846896530,-943617443331,,,,,58874117535910,20416465789413.0,136101177.0,6861038350709.0,,1707720392078,7607513719673,5899793327595,,,,15948323660045,,,16355727033244,51948764047,93595293641.0,,22845114930.0,27055304966786,,,,,,,,,520367279711,,11880287767169,,,,15412109589913.0,1030494731370.0,,,,,32014819167101.0,,4797144342211.0,,,43481427101164,,1614089328827.0,,,,,,,,,,9267242275378.0,3769649610841.0,11373012640422.0,,4845131999816.0,6120070005086.0,879444860927.0,14545550980000,20416465789413,55874576362.0,2014-Q4,,,-54895665767,-80245017700.0,,,,-54815552602.0,,,4582534150067.0,3732768170474.0,6315231308535,1321194605718.0,6320171238968,,,19724033191154,,306786345634.0,1279790537669,1519950801397,2935913960384,,10586614027030,658807622405.0,29443682396.0,90482964432440,90482964432440,6397416256668.0,-2974924074484.0,4240459618900.0,,548558392826,6142918452874.0
,,13612624455291,1553824524639,,,,,,,,,,,,,,,,,,,,,,,,,,,,,,,,,,55496405803121.0,36550263468338,-821680248528,,,,,46241674807211,18426424611027.0,,8869107861401.0,,945186158154,5209108954978,4263922796824,,,,14957495797724,,,15680753557666,53026106273,90080244744.0,,22845114930.0,21760091615152,,,,,,,,,486639412118,,13607211035291,,,,14859073309138.0,981838664367.0,,,,,29935405978219.0,,3542468135179.0,,,36821108320777,,1135916050022.0,,,,,,,,,,1196187482401.0,2563629470812.0,6795622097814.0,,11332395894184.0,4318997742586.0,852656600053.0,14299574100000,18426424611027,57850008934.0,2014-Q3,,,-5413420000,-73708665187.0,,,,-24793272631.0,,,3193352522499.0,2842960021075.0,7897538219504,1774522508624.0,7235314686306,,,18675297482344,,122833181492.0,2166475710228,1232885922076,4548163562289,,6315956405310,550543059545.0,61903493208.0,82791938275549,82791938275549,7306023351493.0,-2974924074484.0,3885576948082.0,,383797890064,4887476928394.0
,,16780746792766,1738773784564,,,,,,,,,,,,,,,,,,,,,,,,,,,,,,,,,,59760834545080.0,44642243120231,-726244543641,,,,,39165582372181,17529252442875.0,,6517738504457.0,,876451887051,6721056604833,5844604717782,,,,9550516782243,,,14448630838115,46932687881,100116044211.0,,22845114930.0,16415305437244,,,,,,,,,491878413383,,16775333372766,,,,13722386294474.0,970843007446.0,,,,,28177693748351.0,,3574905712045.0,,,34719660689928,,1061436376854.0,,,,,,,,,,1110398844839.0,2607062704599.0,6441850897366.0,,20485369939754.0,4327909464875.0,899303026879.0,9296385120000,17529252442875,17376219166.0,2014-Q2,,,-5413420000,-61407350368.0,,,,-23136258481.0,,,1816394295614.0,3267350692576.0,10748134421469,4589317229193.0,6343541682038,,,25041173855152,,94204244524.0,1745518590559,1369413553597,4360459143521,,6372910241618,721672274276.0,28494463274.0,83807825492412,83807825492412,6401949032406.0,-2974924074484.0,9368551986815.0,,275635986594,4343600973631.0
,,16840303773247,799380588019,,,,,,,,,,,,,,,,,,,,,,,,,,,,,,,,,,57162449462163.0,40148556779479,-613071446991,,,,,38157816024068,15549593894476.0,,5594329446908.0,,2224380792464,8134099718214,5909718925750,,,,9366164020563,,,14016203318701,36892484559,92509201154.0,,17845114930.0,15723347167042,,,,,,,,,502564928342,,16831365238900,,,,13403131871710.0,745359447627.0,,,,,26945016369843.0,,3184593009108.0,,,33514691057605,,1115758826964.0,,,,,,,,,,1162925462355.0,2442233561481.0,6477165486608.0,,11296946975142.0,946862116419.0,1068824132987.0,9296385120000,15549593894476,9196576069.0,2014-Q1,,,-8938534347,-45558064906.0,,,,-38973253078.0,,,1783383164624.0,3131664642968.0,13385758661471,3785525981021.0,6295009323855,,,23647758404558,,107090393180.0,1256263769228,1341811055833,3085495237156,,5854618218137,1046939370777.0,30621319358.0,78306372803547,78306372803547,6337567388761.0,-4351625014572.0,8803605509494.0,,170515835028,4688955589269.0
,,15919205583571,909956982325,,,,,,,,,,,,,,,,,,,,,,,,,,,,,,,,,,56255152071513.0,37064962999598,-532771404835,,,,,37915380924173,17758824096352.0,,966367755906.0,,820496709844,7534048703295,6713551993451,,,,8803488589400,,,13632429716848,42899570094,96823703750.0,,17845114930.0,14162574134312,,,,,,,,,863076612873,,15910267049224,,,,13099658312013.0,1829738207290.0,,,,,24360164494408.0,,4552095665414.0,,,34898978073917,,1253510264478.0,,,,,,,,3301163320000.0,,1297871403004.0,2725357458124.0,10441989875759.0,,2137551146898.0,1288418063392.0,4659148976943.0,9296036790000,17758824096352,41399688481.0,2013-Q4,,,-8938534347,-54984372442.0,,,,-30447230378.0,,,1790970494624.0,3110054445837.0,11856565285313,3023470785606.0,5627408695820,,,21356173997596,,101086895088.0,1205236578116,958750697837,6743895307006,,4496008932039,1077515031130.0,22014329218.0,74980343923771,74980343923771,5679393068262.0,-4351625014572.0,7704433391370.0,,238034117302,4803912193646.0
,,16669803738571,499336300257,,,,,,,,,,,,,,,,,,,,,,,,,,,,,,,,,,44878257785053.0,29979359131075,-448423201765,,,,,31601378069669,16398567573267.0,,303911842424.0,,1271096360161,6269792833617,4998696473456,,,,5903825597144,,,9751611532271,41779697757,99115075460.0,,17845114930.0,11270994515692,,,,,,,,,891853009992,,16660865204224,,,,9303188330506.0,692663788257.0,,,,,17369312471254.0,,4980199915336.0,,,17871355172515,,1089702515397.0,,,,,,,,2829568560000.0,,1133022393910.0,4287536127079.0,402927625801.0,,2107141580529.0,1208407006360.0,1414721105079.0,9288068790000,16398567573267,47466262247.0,2013-Q3,,,-8938534347,-44763649651.0,,,,-21511519461.0,,,1756275314827.0,2001645414470.0,18388900879823,2457528823792.0,2327110874394,,,27006902612538,,170128288649.0,1616546687966,2036913580945,3509092573841,,4475315908556,866040644901.0,1802086392.0,61580737200744,61580737200744,2371874524045.0,-4375262034775.0,6882071828285.0,,145923334428,4914743004603.0
,,20003044481724,931888272158,,,,,,,,,,,,,,,,,,,,,,,,,,,,,,,,,,43487131510245.0,31528576685563,-379259054269,,,,,27009581851557,14637821147073.0,,413205879802.0,,484045734216,2386537155551,1902491421335,,,,8222950722816,,,4614366097296,43773497244,100092385924.0,,17845114930.0,13153121979638,,,,,,,,,581753788606,,19994105947377,,,,4235107043027.0,1606018677657.0,,,,,17048048697544.0,,3403332024304.0,,,17551780309147,,1111976331575.0,,,,,,,,,,1155867681575.0,1797313346647.0,403639225679.0,,3317995032328.0,1091788307603.0,513968892637.0,9286327130000,14637821147073,32577810593.0,2013-Q2,,,-8938534347,-30692874567.0,,,,-20671160747.0,,,1723929954624.0,1559023428199.0,18209706498626,2024698056508.0,3932751365965,,,25935351201098,,62809304509.0,1869705544468,1678196776550,3294891548516,,4348417468216,1339360323019.0,2383705127.0,58538158537120,58538158537120,3963444240532.0,-1397646730489.0,5007365678008.0,,457393294344,5062212049391.0
,,19879314609846,1191069544166,,,,,,,,,,,,,,,,,,,,,,,,,,,,,,,,,,47301714087216.0,31359745592337,-368549047233,,,,,27489280366662,10845724826082.0,,701587045701.0,,326979849492,4175172391881,3848192542389,,,,6359763365202,,,6963681129476,44328106851,101994821084.0,,12845114930.0,11413043388497,,,,,,,,,589792864871,,19870376075499,,,,6595132082243.0,1628063226885.0,,,,,17132806179885.0,,3163614014112.0,,,17701386628132,,1096715254403.0,,,,,,,,,,1141126214010.0,1535550787227.0,466585627163.0,,3598310008074.0,1283609155590.0,501264105789.0,9281450480000,10845724826082,37928553733.0,2013-Q1,,,-8938534347,-15666485825.0,,,,-14285228414.0,,,1699546604624.0,1748078719302.0,18691813183076,6118400933620.0,1616386811709,,,29600327459084,,111761688616.0,1956607795820,1493208143494,3634656217361,,4463487158424,227288770269.0,9247528213.0,58849025958999,58849025958999,1632053297534.0,-1397646730489.0,1249529357017.0,,406988966871,5176406094178.0
,,17385003293844,1226873098007,,,,,,,,,,,,,,,,,,,,,,,,,,,,,,,,,,44944747704783.0,28387279134943,-316196194020,,,,,27431099830023,10556569188705.0,,317062071475.0,,199602965155,1616855174935,1417252209780,,,,5851686045651,,,7128249869860,45141892563,102858474006.0,,12845114930.0,10982290031465,,,,,,,,,579850048763,,17375883462849,,,,6812053675840.0,1612499800170.0,,,,,18762506644958.0,,3163564921117.0,,,19307122403382,,1104994130073.0,,,,,,,,,,1150146102636.0,1551065120947.0,441757284418.0,,3161090368288.0,1040074982679.0,488614532022.0,7004620550000,10556569188705,30759366050.0,2012-Q4,,,-9119830995,-19570344279.0,,,,-12336142520.0,,,3974286534624.0,1688849342364.0,17800274073366,3066914014913.0,3864844010637,,,25637625301401,,39627501766.0,2106084921179,1704259748134,3809236408688,,4550753937051,306493773895.0,5241073421.0,55818378964966,55818378964963,3884414354916.0,-1397646730489.0,962463719640.0,,234961212193,5323050138965.0
,,14658791822936,742411556328,,,,,,,,,,,,,,,,,,,,,,,,,,,,,,,,,,41539543812467.0,27002933550638,-275887164092,,,,,24116613175047,9818310479661.0,,-238307566443.0,,293903543943,3397986543943,3104083000000,,,,7249261425343,,,4163822120893,41084875426,123867604738.0,,12845114930.0,12380352361832,,,,,,0.0,,,585568429879,,14649853288589,,,,3887934956801.0,434002020658.0,,,,,16870764168190.0,,2831516365972.0,,,17350937797760,,1236332263311.0,,,,,,,,,,1287956468737.0,2397514345314.0,349639902834.0,,2746974123432.0,1234779043905.0,314863928683.0,7004620550000,9818310479661,37118916525.0,2012-Q3,,,-8938534347,-17971026633.0,,,6666121998.0,-7413140386.0,,,3810853254562.0,1170039738054.0,17322843607918,3065754051577.0,4463205166525,,,24188606014707,,55084759355.0,1966902229149,1218993481235,3016764573774,,4545522506610,139077175493.0,38102672744.0,51119546725685,51119546725685,4481176193158.0,-1753237480489.0,743229040658.0,,110086400083,3734122686705.0
,,12534962404117,723076746221,,,,,,,,,,,,,,,,,,,,,,,,,,,,,,,,,,36719830915474.0,23088184509262,-244419389701,,,,,22817974635951,9722871676615.0,,-536543446876.0,,200955563587,3503836990157,3302881426570,,,,6299042333515,,,4109988756684,39045863368,125865912552.0,,12845114930.0,11469003092143,,,,,,0.0,,,587127656882,,12525696377430,,,,3865569366983.0,424514308516.0,,,,,12149667926827.0,,2524197543482.0,,,12545060892426,,1082092084407.0,,,,,,,,,,1121177277775.0,2099683234966.0,269527053047.0,,237126671484.0,1276547668418.0,228970555116.0,7004620550000,9722871676615,8761381737.0,2012-Q2,,,-9266026687,-16495347626.0,,,,-5150548860.0,,,3810853254555.0,1124487040404.0,16030834034759,5118194984584.0,3999450828552,,,24174770023048,,53825357266.0,1900847819977,362683155726,2847744572454,,4582833101746,253261757420.0,3260867823.0,45906159145213,45906159145213,4015946176178.0,-1753237480489.0,647790237619.0,,128698584765,3838047020568.0
,,11066740350447,1284457032730,,,,,,,,,,,,,,,,,,,,,,,0.0,,,,,,,,,,,34956552069658.0,21339375224655,-214168222328,,0.0,,0.0,22072952294548,8863236299793.0,0.0,-407460850248.0,0.0,929995906491,1006751199875,76755293384,,0.0,0.0,6426413999110,,,4100105101256,39167495962,126012546501.0,0.0,7845114930.0,11599961842587,0.0,0.0,0.0,0.0,,0.0,,0.0,588536934964,,11055048046537,0.0,,0.0,3885936878928.0,187602163866.0,,,,,8965928702670.0,,1663015187439.0,0.0,0.0,9365119835246,,938443507683.0,,,0.0,0.0,0.0,0.0,,0.0,-12524194495619.0,988145533645.0,1475413023573.0,273178586075.0,0.0,485817677370.0,1250166481213.0,1999899689618.0,5493833050000,8863236299793,11896197440.0,2012-Q1,,,-11692303910,-17870207007.0,0.0,0.0,0.0,-3902199807.0,0.0,0.0,16329184383668.0,2156645317816.0,16919079626126,3861110170757.0,3498399925672,0.0,0.0,25591432234412,,63438710161.0,2182887408864,690047294816,5463341931405,0.0,4585010908513,702487146244.0,4834236789.0,43412327519203,43412327519203.0,3516270132679.0,-2062769988888.0,1619338235702.0,,77577618012,3941160116949.0
