- Giá trị khấu hao lũy kế (*),1. Chi phí chờ phân bổ dài hạn,1. Chi phí chờ phân bổ ngắn hạn,1. Hàng tồn kho,1. Phải thu ngắn hạn của khách hàng,1. Súc vật nuôi cho sản phẩm định kỳ,1. Súc vật nuôi lấy sản phẩm một lần ngắn hạn,10. Lợi nhuận sau thuế chưa phân phối,10. Phải trả ngắn hạn khác,12. Dự phòng phải trả ngắn hạn,12. Thuế thu nhập hoãn lại phải trả,13. Dự phòng phải trả dài hạn,"13. Quỹ khen thưởng, phúc lợi",2. Cây trồng theo mùa vụ hoặc lấy sản phẩm một lần ngắn hạn,2. Thặng dư vốn,3. Dự phòng tổn thất tài sản sinh học ngắn hạn (*),"3. Phải trả cổ tức, lợi nhuận",3. Thuế và các khoản khác phải thu Nhà nước,3. Đầu tư nắm giữ đến ngày đáo hạn ngắn hạn,4. Chi phí phải trả dài hạn,4. Thuế và các khoản phải nộp Nhà nước ngắn hạn,5. Phải thu dài hạn khác,5. Phải thu ngắn hạn khác,5. Phải trả người lao động,5. Đầu tư nắm giữ đến ngày đáo hạn dài hạn,6. Chi phí phải trả ngắn hạn,6. Dự phòng phải thu ngắn hạn khó đòi (*),7. Tài sản thiếu chờ xử lý,8. Doanh thu chưa thực hiện ngắn hạn,8. Phải trả dài hạn khác,9. Doanh thu chờ phân bổ ngắn hạn,C. NỢ PHẢI TRẢ,D. VỐN CHỦ SỞ HỮU,III. Tài sản sinh học dài hạn,IV. Bất động sản đầu tư,V. Tài sản dở dang dài hạn,V. Tài sản sinh học ngắn hạn,VI. Tài sản ngắn hạn khác,VI. Đầu tư tài chính dài hạn,VII. Tài sản dài hạn khác,a) Súc vật nuôi cho sản phẩm định kỳ chưa đến giai đoạn trưởng thành,a_liabilities,a_short_term_assets,accumulated_depreciation,accumulated_retained_earning_at_the_end_of_the_previous_period,assets,assets_awaiting_resolution,assets_revaluation_differences,b) Súc vật nuôi cho sản phẩm định kỳ đến giai đoạn trưởng thành,b_long_term_assets,b_owners_equity,bonus_and_welfare_fund,c_minoritys_interest,capital_at_inter_company,cash,cash_and_cash_equivalents,cash_equivalents,common_stock_with_voting_right,construction_contract_progress_payments_due_to_suppliers,construction_contract_progress_receipts_due_from_customers,construction_in_progress,convertible_bond_option,convertible_bonds,cost,deferred_income_tax_assets,deferred_income_tax_liabilities,finance_lease_fixed_assets,financial_reserves,fixed_assets,foreign_exchange_differences,fund_for_technology_development,fund_to_support_corporate_restructuring,funds_invested_in_fixed_assets,goodwill,government_bonds,held_to_maturity_investments,ii_other_resources_and_funds,intangible_fixed_assets,inter_company_payables_on_business_capital,inventories,investment_and_development_fund,investment_in_associates,investment_in_subsidiaries,investment_properties,investments_in_associates_joint_ventures,investments_in_other_entities,long_term_acrrued_expenses,long_term_advances_from_customers,long_term_assets_in_progress,long_term_borrowings_and_financial_leases,long_term_equipment_supplies_spare_parts,long_term_financial_investments,long_term_inter_company_payables,long_term_inter_company_receivables,long_term_liabilities,long_term_loan_receivables,long_term_prepayments,long_term_prepayments_to_suppliers,long_term_production_in_progress,long_term_receivables,long_term_trade_payables,long_term_trade_receivables,long_term_unearned_revenue,minority_interest,other_capital_of_owners,other_funds_from_owners_equity,other_long_term_assets,other_long_term_investments,other_long_term_liabilities,other_long_term_receivables,other_short_term_assets,other_short_term_payables,other_short_term_receivables,owners_capital,owners_equity,payable_to_employees,period,preferred_stock,price_stabilization_fund,provision_for_decline_in_value_of_inventories,provision_for_diminution_in_value_of_long_term_investments,provision_for_long_term_doubtful_debts,provision_for_long_term_liabilities,provision_for_severance_allowances,provision_for_short_term_doubtful_debts,provision_for_short_term_liabilities,reserves_for_investment_in_construction,share_premium,short_term_acrrued_expenses,short_term_advances_from_customers,short_term_borrowings_and_financial_leases,short_term_financial_investments,short_term_inter_company_payables,short_term_inter_company_receivables,short_term_liabilities,short_term_loan_receivables,short_term_prepayments,short_term_prepayments_to_suppliers,short_term_trade_accounts_payable,short_term_trade_accounts_receivable,subsidized_not_for_profit_funds,tangible_fixed_assets,taxes_and_other_payables_to_state_authorities,taxes_and_other_receivables_from_state_authorities,total_assets,total_liabilities_equity,trading_securities,treasury_shares,undistributed_earnings_after_tax,undistributed_earnings_in_this_period,value_added_tax_to_be_reclaimed,vii_goodwill
-123799018551.0,5906104404742.0,458681515183.0,43571823623004,10919196457706,182946911076.0,442235770097.0,59889614145579.0,348247387218.0,14183287772.0,31223696682.0,122633161280.0,756461165051.0,3582999423.0,911866210000.0,-5629458927.0,5812167412.0,11832647902.0,24267452864302.0,625835616595.0,1909521507440.0,508303099491.0,2710787542005.0,343809506691.0,,1300632191974.0,-132284501806.0,6816037577.0,,18115247699.0,60310161581.0,119545707998756.0,139781792206472.0,182946911076.0,519713379632.0,10723997667216.0,440189310593.0,7993939737022.0,1860315612782.0,6552910435885.0,53720334861.0,,104365180994071,-331182744872,50895610901437.0,,,,129226576215.0,154962319211157,,,,,3614809922085,11455231038505,7840421116420,76754658550000.0,,,10328735819240,,,850896124504,280795417959,,,,134574365284040,,,,,48488200093.0,,,,201799091978,,43515585272210,1388437800829.0,1860315612782.0,,,,,,,,27817253418546.0,317522413091.0,,,,33175868937186,,,39766821035.0,395261847976.0,548069920526.0,4560807796384.0,,,837215500064.0,,,,,,,,,,76754658550000,139781792206472,,2026-Q1,,,-56238350794,,,,,,,,,,1667092509362,62799568273773.0,24267452864302.0,,,86369839061570,,,3188267235957,17164200903296,16692782771439,,134372566192062,,,259327500205228,259327500205228,,,,8994003244142.0,7523425573937,
,6003368983150.0,567553767539.0,52892273238885,10994154613838,,,51034812570467.0,2011792352575.0,15437227372.0,31013808361.0,77202040746.0,975878976922.0,,,,,6371103672.0,19484412761405.0,649535711372.0,2377396188571.0,248919079879.0,2318283126429.0,995918246781.0,2248000000000.0,939347023380.0,-132548698812.0,6730635900.0,,18032488855.0,152519279244.0,126701570536575.0,131220010876575.0,,528191122247.0,10869891370972.0,,8003809004619.0,2248000000000.0,6695070415682.0,,,103682043127964,-335444472187,47173818123811.0,,,,,154239538285186,,,,,4602047650138,8300890304205,3698842654067,76754658550000.0,,,10721076531961,,,863635594434,304979962218,,,,133608057859977,,,,,51513185419.0,,,,187211163894,,52828227344442,1388437800829.0,,,,,,,,,27479194057074.0,335208284895.0,,,,32492921616464,,,41408436429.0,148814839011.0,290327516308.0,4237943510056.0,,,2042101955279.0,,,,,,,,,,76754658550000,131220010876575,,2025-Q4,,,-64045894443,,,,,,,,,,862026330691,64694957245143.0,19484412761405.0,,,94208648920111,,,1878084035938,21183376049432,15064703713293,,133420846696083,,,257921581413150,257921581413150,,,,3860994446656.0,7429884133408,
,4390536576181.0,688785036932.0,45675711221795,7979265010316,,,47288178774368.0,544878875265.0,11901191883.0,30296581076.0,79659762484.0,1105148450487.0,,,,,4419092905.0,18903949054642.0,473791239533.0,2106828051547.0,825562606009.0,1614044195296.0,317735935434.0,300000000.0,1399310566535.0,-158272660342.0,7161013482.0,,15398264650.0,46062427795.0,118655326188383.0,127516012099269.0,,536668864862.0,39567557188131.0,,8078625164686.0,300000000.0,5079772440151.0,,,95425988115582,-326966729572,43299860299829.0,,,,,150745350172070,,,,,2690506955882,9092562739415,6402055783533,76754658550000.0,,,39484904426635,,,863635594434,271293250191,,,,104711263391250,,,,,52097751283.0,,,,178014736149,,45623656431728,1394841242128.0,,,,,,,,,28356095137594.0,365844862496.0,,,,35492053355211,,,24225681667.0,82652761496.0,849788287676.0,6536812369874.0,,,2078333532773.0,,,,,,,,,,76754658550000,127516012099269,,2025-Q3,,,-52054790067,,,,,,,,,,619205121131,68482383626253.0,18903949054642.0,,,83163272833172,65061616439.0,,4219935549920,8529818586842,13727194725111,,104533248655101,,,246171338287652,246171338287652,,,,3988318474539.0,7385421034849,
,4338725174159.0,504036542519.0,48900263257832,8193996548327,,,56176913981627.0,305807445331.0,15105856400.0,29665463669.0,68073293346.0,1162748596302.0,,,,,5696703666.0,17584027436423.0,730108219760.0,1381630142757.0,834881090447.0,1437376290622.0,272364201644.0,,1119741083109.0,-157971873885.0,645845208.0,,13956239004.0,34948909558.0,119865026005768.0,122359504913282.0,,544375244149.0,72821558354667.0,,8153519460938.0,,5041262109917.0,,,97606077663535,-318503271466,51920159203232.0,,,,,144618453255515,,,,,3313840111274,10688024277258,7374184165984,63962502000000.0,,,72703729846961,,,862878515615,253928897456,,,,65302976358571,,,,,57563156071.0,,,,182455028495,,48853408114115,1394841242128.0,,,,,,,,,27326834115535.0,391044882231.0,,,,33453396994072,,,73400097764.0,117828507706.0,908281188211.0,5284759662758.0,,,825247689527.0,,,,,,,,,,63962502000000,122359504913282,,2025-Q2,,,-46855143717,,,,,,,,,,306667783670,63264493644765.0,17584027436423.0,,,86411629011696,97061616439.0,,2755989948090,18548121348160,12327098374801,,65120521330076,,,242224530919050,242224530919050,,,,4256754778395.0,7643786214753,
,4261916994097.0,367887843650.0,46713899534932,7405241282190,,,52943588928234.0,525839075832.0,15092031400.0,29076465309.0,68073293346.0,806996402371.0,,,,,12522814414.0,16212510112252.0,1174882156922.0,598699176814.0,848015622228.0,1170323249843.0,284189911532.0,,947037881276.0,-158638815710.0,352520372.0,,12556505170.0,55479217611.0,110864708699178.0,117996879089129.0,,552837241998.0,47620309468789.0,,7782751804299.0,,5015366006415.0,,,88914195573724,-309789773617,49599304233846.0,,,,,139947392214583,,,,,3098950890534,7459035818129,4360084927595,63962502000000.0,,,47507058874968,,,862627015615,276800551743,,,,85838135705767,,,,,60588141397.0,,,,175274918181,,46603844415849,794841242128.0,,,,,,,,,27256965869238.0,416060319178.0,,,,33566184743700,,,72728169386.0,113250593821.0,920743791614.0,5024630453715.0,,,295946918767.0,,,,,,,,,,63962502000000,117996879089129,,2025-Q1,,,-110055119083,,,,,,,,,,570631436241,61784512821075.0,16212510112252.0,,,77298523955478,89561616439.0,,2349213570061,11710046001326,10856053423195,,85662860787586,,,228861587788307,228861587788307,,,,3344284694388.0,7402341146235,
,,,46621714467196,4352135419872,,,,,,,,,,,,,,,,,,,,,,,,11060479431.0,,,,,,,,,,,,,109842249570293.0,87078573452172,-300950552522,46769678177944.0,,379714580.0,,,137411131464837,114647455346716.0,1027310381825.0,,,2919531945908,6887646139852,3968114193944,63962502000000.0,,,63654580009602,,,860549015615,254671208399,29268483140.0,,,67428366953514,,,,,63613126723.0,,19111216730905.0,,184215978466,,46520644574855,815641242128.0,,,559598463093.0,,,1143692237207.0,,63749439894626.0,27080443256096.0,,136500000000.0,,,34338806722745,,4269141694868.0,82805287792.0,94859885024.0,949800123614.0,6005430694192.0,,,292832827678.0,,,4587426029990.0,,12476505170.0,866994835822.0,7073184471233.0,404291208566.0,1222590208392.0,63962502000000,114647455346716,890893543298.0,2024-Q4,,,-101069892341,,,67495546940.0,,-159993736285.0,13672830889.0,,,682113836484.0,739178306553,55882684449477.0,18974716730905.0,,,75503442847548,87461616439.0,426149499088.0,2119808312329,14109542669875,7622381535327,,67244150975048,1742695141150.0,10074967536.0,224489704917009,224489704917009,,,49576479276910.0,2806801098966.0,6636960004609,
,,,40480715224028,4980712149392,,,,,,,,,,,,,,,,,,,,,,,,192726170767.0,,,,,,,,,,,,,99607246691658.0,80841803394106,-292144334545,43786272254536.0,,1195466790.0,,,130544540534012,111779097236460.0,1179261489728.0,,,2781657706285,8500998079280,5719340372995,63962502000000.0,,,55595915396651,,,860171015615,228731045762,29464276717.0,,,68475648874477,,,,,66834062714.0,,16523303148945.0,,189599206126,,40197821463879,818200313964.0,,,568026681070.0,,,1041997895349.0,,55690441271631.0,24517626484538.0,,136500000000.0,,,30612121587612,,4347213561931.0,189462473949.0,94525874980.0,1031145036427.0,4947006155870.0,,174647128.0,189176035910.0,,,4642778670407.0,,13402259250.0,841682562478.0,6615232672762.0,245557195543.0,938808369599.0,63962502000000,111779097236460,277438336855.0,2024-Q3,,,-282893760149,,,62449868760.0,,-46670304885.0,11253194472.0,,,1078411787488.0,440576623880,54180722680952.0,16386803148945.0,,,68995125104046,318461616439.0,485174823842.0,2948440731905,9950657828696,9140948029240,,68286049668351,1438519795665.0,10150638821.0,211386343928118,211386343928118,,,46809218886586.0,3022946632050.0,6119907210099,
,,,40454441094217,6754215453415,,,,,,,,,,,,,,,,,,,,,,,,26532249143.0,,,,,,,,,,,,,97932515376816.0,84466831221789,-283342558115,40473875007509.0,,1066893819.0,,,122142248509406,108676564354379.0,1251902578345.0,,,5550323853283,13032037853283,7481714000000,63962642700000.0,,,45297528753724,,,859793015615,191824594046,29660561612.0,,,70074653313057,,,,,69859048040.0,,15451173148945.0,,193459397304,,40163540620593,818200313964.0,,,576450457500.0,,,801964708007.0,,45360978569744.0,19674955314582.0,,136500000000.0,,,24381273588319,,4612526104983.0,,63449816020.0,1119456422036.0,3797002494551.0,269074711339.0,174647128.0,102583191044.0,,,4874209747069.0,,14392365866.0,850381710697.0,5563777743308.0,332723193277.0,1334615765632.0,63962642700000,108676564354379,265370728604.0,2024-Q2,,,-290900473624,,,63123496573.0,,-46648096622.0,5751868939.0,,,1035971717685.0,482276831033,53315313650059.0,15314673148945.0,,,73551241788497,237461616439.0,441107430465.0,2112090222977,15940014623208,10392801855660,,69881193915753,895384348204.0,13405964609.0,206609079731195,206609079731195,,,43793138149371.0,3319263141862.0,5109264348234,
,,,42846344041978,6913270575750,,,,,,,,,,,,,,,,,,,,,,,,46351267426.0,,,,,,,,,,,,,96315644955419.0,94032457790196,-274544613205,40472261598248.0,,157431351.0,,,107907767738311,105624580573088.0,1094122735781.0,,,6475979036237,12428888036237,5952909000000,58147857000000.0,,,30113050217104,,,859667015615,186339035284,29818367052.0,,,71016027599296,,,,,72884033366.0,,22271418573603.0,,202661605064,,42714279935957,818200313964.0,,,585122402410.0,,,818444347867.0,,30175349484980.0,16080142067527.0,,,,,17001157012567,95351026613.0,4558305203235.0,440474955821.0,62299267876.0,1313739979740.0,,,174647128.0,104112551615.0,,,4817528271885.0,,14011174483.0,777913997306.0,4512754948168.0,193408165330.0,1513686915855.0,58147857000000,105624580573088,322326226746.0,2024-Q1,,,-132064106021,,,58566408510.0,,-46932696055.0,6838205447.0,,3211560416270.0,683863994768.0,340776685682,61438295764670.0,22271418573603.0,,,79314487942852,238584417297.0,424765829158.0,3486349652033,14701050919167,12105116296231,,70813365994232,487453977835.0,13360830366.0,201940225528507,201940225528507,,,43342850291239.0,2870588692991.0,4074628288644,
,,,34628367844950,5999539831497,,,,,,,,,,,,,,,,,,,,,,,,9979596501.0,,,,,,,,,,,,,84946167324422.0,82716439173043,-265746738295,37620252303382.0,,82701774.0,,,105066147390758,102836419239379.0,1375476964884.0,,,3771595160884,12267401160884,8495806000000,58147857000000.0,,,26036449081286,,,859667015615,163087876347,30012518415.0,,,72014494381617,,,,,75909018692.0,,22201903502481.0,,211119151570,,34504487406261,818200313964.0,,,593920277320.0,,,610552512045.0,,26082805733755.0,10399119292481.0,,40000000000.0,,,13432674419689,95351026613.0,4215007972679.0,1004491555731.0,46356652469.0,1880922130348.0,2324285289468.0,,174647128.0,65769846489.0,,,4454004867718.0,,13361520783.0,781079548004.0,3080510663421.0,182970590524.0,1961601875298.0,58147857000000,102836419239379,403391467732.0,2023-Q4,,,-123880438689,,,55168639369.0,,-46628415158.0,8054106025.0,,3211560416270.0,477102216071.0,741733890580,54981883180636.0,22161903502481.0,,,71513492904733,203600000000.0,330834978197.0,2583940446585,12387496434147,10702136439996,,71803375230047,945404457633.0,11704488524.0,187782586563801,187782586563801,,,40593031662656.0,2972779359274.0,2737971196700,
,,,33797441007167,4016303720785,,,,,,,,,,,,,,,,,,,,,,,,70687089803.0,,,,,,,,,,,,,73641823428128.0,78482566275784,-256948863385,35633212512249.0,,751006869.0,,,95024445408788,99865188256444.0,1471454170833.0,,,5978902713876,9696669423876,3717766710000,58147857000000.0,,,16429373449828,,,859667015615,222354552123,30080660142.0,,,72782298055573,-24205930593.0,,,,78934004018.0,,19997222511116.0,,571371070594,,33524022785325,819978707993.0,,,602718152230.0,,,649372084909.0,,16464671681554.0,8744590378258.0,,40000000000.0,,,9524697380166,95693561714.0,3940414512830.0,,35298231726.0,893054450460.0,,,4109316288.0,72040463743.0,,,4241703068971.0,,23327794430.0,797360888746.0,2798547682874.0,381199474381.0,1944123442488.0,58147857000000,99865188256444,233190528218.0,2023-Q3,,,-273418221842,,,73217146139.0,,-42123903506.0,6313611258.0,,3211560416270.0,597037993903.0,440272925867,49237590969260.0,19957222511116.0,,,64117126047962,204293835516.0,430166916147.0,6382755770441,10868894566523,12506103872593,,72210926984979,810484717916.0,86910436948.0,173507011684572,173507011684572,,,37637957599031.0,2004745086782.0,2281470329779,
,,,32260969330532,5125655648303,,,,,,,,,,,,,,,,,,,,,,,,33818576170.0,,,,,,,,,,,,,78433782666747.0,84954320215485,-248150988475,34168723108440.0,,1432327419.0,,,91339753512384,97860291061122.0,1588214151324.0,,,4042254726239,13252855086239,9210600360000,58147857000000.0,,,16670253979304,,,859667015615,182064019491,30276945037.0,,,68933857375679,-28467031863.0,,,,81958989344.0,,22848207160936.0,,614957753106,,32001578654651,823554378850.0,,,611516027140.0,,700000000.0,652213132506.0,,16702566431859.0,8878939971816.0,,700000000.0,,,9698392311515,101693561714.0,3928181990860.0,,32312452555.0,898908678011.0,,,4109316288.0,77020576327.0,,,4192204999695.0,,60855213078.0,797215116297.0,2502267027431.0,360954142136.0,1900393577678.0,58147857000000,97860291061122,200725745136.0,2023-Q2,,,-259390675881,,,71997732790.0,,-42381441831.0,5330870808.0,,3211560416270.0,559342319680.0,474991364466,51748268155863.0,22848207160936.0,,,68735390355232,198994978279.0,364993917561.0,7165317196380,13159994123793,14349412286228,,68318899622573,603750905856.0,91911767894.0,176294073727869,176294073727869,,,35628765721538.0,1460042613098.0,2045361341976,
,,,34594927921769,3876680655931,,,,,,,,,,,,,,,,,,,,,,,,64405510032.0,,,,,,,,,,,,,78970635902647.0,85412137003655,-239353113565,33791245160480.0,,1311078287.0,,,89996474170665,96437975271673.0,1648931425504.0,,,2277800566326,7868451566326,5590651000000,58147857000000.0,,,14372992209500,,,859667015615,228940720106,30471096400.0,,,69945445195200,-26900476559.0,,,,84983974670.0,,27420903628936.0,,619647962627,,34306897157900,825685286648.0,,,620313902050.0,,700000000.0,607545669000.0,,14404916405828.0,10304996868419.0,,700000000.0,,,11071908681549,101693561714.0,3812194108908.0,,31924196328.0,898979863903.0,,,4109316288.0,91030609632.0,,,4126118803684.0,,59928854275.0,797286302189.0,1985740684697.0,432722756354.0,2175975140873.0,58147857000000,96437975271673,204794211289.0,2023-Q1,,,-288030763869,,,64856877167.0,,-41154027790.0,4857234630.0,,3211560416270.0,511846282215.0,308803858657,50354261925455.0,27420903628936.0,,,67898727221098,202288720958.0,318146218942.0,7615042397537,14063008216354,13830143965796,,69325797232573,305095800608.0,19141481833.0,175408611174320,175408611174320,,,34188742435682.0,397497275202.0,1648452983922,
,,,35727277739296,2958587125337,,,,,,,,,,,,,,,,,,,,,,,,16974936888.0,,,,,,,,,,,,,74222582021348.0,80514710854455,-230555238655,35825378472299.0,,1924395341.0,,,89820810782676,96112939615783.0,1812955327314.0,,,3458049733104,8324588920227,4866539187123,58147857000000.0,,,13334320924143,,,859667015615,83071062718,31207164756.0,,,70832915657865,-20652355005.0,,,,,,26268246676354.0,,633761976329,,34491111096123,834782434216.0,,,629111776960.0,,700000000.0,531620146455.0,,13363274912355.0,11151651204402.0,,700000000.0,,,11837189211663,101693561714.0,3929243956403.0,,28953988212.0,894484456379.0,,,4109316288.0,105562146315.0,,,4012315019121.0,,61033120562.0,792790894665.0,1537894659443.0,418550744668.0,1482978249030.0,58147857000000,96112939615783,306208839467.0,2022-Q4,,,-1236166643173,,,57568259200.0,,-41074336139.0,5198833687.0,,3211560416270.0,460508546638.0,860793139245,46748670400471.0,26268246676354.0,,,62385392809685,124200000000.0,320077470557.0,5366254068739,11107124449326,9892869502308,,70199153681536,648407591981.0,100170236943.0,170335521637131,170335521637131,,,33833829973987.0,-1991548498312.0,1117646951943,88008959996.0
,,,44779256645900,3304999656381,,,,,,,,,,,,,,,,,,,,,,,,34851995241.0,,,,,,,,,,,,,85729628216342.0,96870553001623,-174140132821,37599560960882.0,,1880296035.0,,,86934558142575,98075482927856.0,1856584734941.0,,,3099218346665,11881408346665,8782190000000,58147857000000.0,,,9655145059043,,,699081218971,4737657938,194695464.0,,,71724752157800,-33173627407.0,,,,,,27562424269672.0,,594289368309,,43880267448945,811606247382.0,,,524941086150.0,,700000000.0,442814206975.0,,9701629656545.0,12629305426051.0,,533221643835.0,,,13199869562990,107320214500.0,3512918448027.0,,46484597502.0,899726541615.0,,,8803217550.0,112205547137.0,,,3517656105965.0,,62796076046.0,792406327115.0,2071471129440.0,739883139012.0,2344000106492.0,58147857000000,98075482927856,236490648673.0,2022-Q3,,,-898989196955,,,55955940904.0,,-40545279851.0,4131439230.0,,3211560416270.0,580665753473.0,655008097406,52871495029424.0,27029902625837.0,,,72529758653352,195948347214.0,382373843447.0,6201220324465,14586620507627,12007503450736,,71130462789491,964027308325.0,21801324159.0,183805111144198,183805111144198,,,35825427344474.0,-1774133616408.0,1667295961834,32630950665.0
,,,58316585193363,5491000474000,,,,,,,,,,,,,,,,,,,,,,,,34414652806.0,,,,,,,,,,,,,107581226941887.0,120220561631693,-166410148955,46986036528725.0,,3611461562.0,,,87276066459169,99915401148975.0,1922661380320.0,,,8458873108447,20325198022112,11866324913665,44729227060000.0,,,9166099597348,,,699081218971,341417096342,194695464.0,,,70059409042323,-17956042850.0,,,,,,25488120018673.0,,573831654273,,57554102163500,850481003264.0,,,532671070016.0,,700000000.0,396943983015.0,,10568771982336.0,13443161725051.0,,1048221643835.0,,,13967051014643,112211774500.0,3882471854263.0,,1402672384988.0,808975819389.0,,,8803217550.0,123819872546.0,,,4223888950605.0,,62516212229.0,696764044889.0,3579128436586.0,3574196195518.0,1915893334385.0,44729227060000,99915401148975,497411194468.0,2022-Q2,,,-762483029863,,,55431181334.0,,-40334368470.0,3919851074.0,,3211560416270.0,816309477428.0,1629331194548,56575628198553.0,24440598374838.0,,,93614175927244,197299190000.0,314901274424.0,6754064543180,27836774658510,14321534634657,,69485577388050,723529124019.0,39136249571.0,207496628090862,207496628090862,,,51018268839745.0,4032232311020.0,3225090912591,34127950665.0
,,,40223396456992,5577320901036,,,,,,,,,,,,,,,,,,,,,,,,75040906755.0,,,,,,,,,,,,,86889171231434.0,100439719965356,-158684770325,41765339740540.0,,1810453898.0,,,85407389229115,98957937963037.0,1273079698525.0,,,4211608173801,19060014590301,14848406416500,44729227060000.0,,,8024946503221,,,698820145314,381476061248,,,,70214481078887,12343470699.0,,,,,,27764295250368.0,,545825554805,,40036170600581,877817304122.0,,,540135374989.0,5094794048.0,700000000.0,394900444015.0,,9423753212655.0,13921989392311.0,,520794794048.0,,,14441561362127,117332137560.0,3479886459580.0,,1398806709434.0,811237297043.0,,,8803217550.0,144689613676.0,,,3861362520828.0,,64210532331.0,693905159483.0,1966082976122.0,991628408205.0,1020678463445.0,44729227060000,98957937963037,698660944892.0,2022-Q1,,,-187225856411,,,51657775920.0,,-39181076518.0,4088201631.0,,3211560416270.0,955106945388.0,991916695056,46260963681821.0,27249295250368.0,,,72447609869307,76724162500.0,285711729515.0,5490803643623,20456785259905,12128156547984,,69668655524082,740339127129.0,16387175034.0,185847109194471,185847109194471,,,49982300098270.0,8216960357730.0,1663984071573,35624950665.0
,,,42370012405545,4973095672343,,,,,,,,,,,,,,,,,,,,,,,,16951911160.0,,,,,,,,,,,,,87455796846810.0,94154411120305,-150609390191,34335534192926.0,,1167661858.0,,,84081562709943,90780176983438.0,1740567096715.0,,,6316299666510,22471375562130,16155075895620,44729227060000.0,,,8608470888444,,,698820145314,529355730646,,,,69280841784004,-1925960852.0,,,,,,18236152616078.0,,536715844895,,42134493932211,923549304122.0,,,548210755123.0,6015955617.0,700000000.0,410407940262.0,,10017884935549.0,13464931998700.0,,6715955617.0,,,13996480970369,118401369280.0,2852196650370.0,,1409414047105.0,809234947969.0,,,8803217550.0,154788720987.0,,,3455796282346.0,,63027061241.0,690833578689.0,3650156741241.0,1047158508079.0,981799066828.0,44729227060000,90780176983438,797457005628.0,2021-Q4,,,-235518473334,,,49310752616.0,,-39275168162.0,23755735476.0,,3211560416270.0,772615123351.0,788002603134,43747643082356.0,18236152616078.0,,,73459315876441,23521740500.0,296697348350.0,1721923295278,23729142569420,7662232268645,,68744125939109,796022241122.0,17769142467.0,178235973830248,178235973830248,,,41762977442911.0,7427443249985.0,3335690250424,
,,,46072215379496,7171602960535,,,,,,,,,,,,,,,,,,,,,,,,19962990906.0,,,,,,,,,,,,,90317590122165.0,95958382276120,-142353900533,24923464772957.0,,1678444916.0,,,78684891855544,84325684009499.0,1007365193894.0,,,4651836099355,13376486099355,8724650000000,44729227060000.0,,,5414044518633,,,697306888011,610007411106,1748541452.0,,,68157059900455,-8280299413.0,,,,,,21464678216078.0,,399587955001,,46006414493653,928641612156.0,,,554952987478.0,6022142966.0,700000000.0,470582423184.0,,6734577577280.0,17710867201107.0,,30722142966.0,,,18321965895018,136126636800.0,1841908886669.0,,1320533058647.0,717043998925.0,,,16127650192.0,189331368214.0,,,2451916297775.0,,70660931351.0,580917362125.0,4278598296526.0,952952247689.0,890859350882.0,44729227060000,84325684009499,189233672012.0,2021-Q3,,,-65800885843,,,51979147732.0,,-38251292534.0,4796684927.0,,3211560416270.0,644995456201.0,794628772023,43356751775423.0,21440678216078.0,,,71995624227147,,300138900733.0,2830315706709,22859466704324,10856205170508,,67757471945454,2165470729748.0,8055242140.0,174643274131664,174643274131664,,,35275203852272.0,10351739079315.0,3970404153653,38618950665.0
,,,39867066454066,4389238118215,,,,,,,,,,,,,,,,,,,,,,,,27082861112.0,,,,,,,,,,,,,85824712100939.0,82425689816656,-134054183061,15179818923346.0,,1422025498.0,,,77383461382038,73984439097755.0,1053976307421.0,,,3633423731657,14644183731657,11010760000000,44729227060000.0,,,5031894797136,,,697306888011,515726561026,1748541452.0,,,67685103108103,6013413451.0,,,,,,17206805095788.0,,402902063745,,39803824314074,928641612156.0,,,563252704950.0,-1641921556.0,700000000.0,227825517504.0,,6289235434639.0,18465300675587.0,,23058078444.0,,,19234776547966,156506924800.0,1875465992374.0,,1257340637503.0,391503551837.0,399500000000.0,,16127650192.0,184026250345.0,,,2391192553400.0,,70548158703.0,234996627037.0,2848775329720.0,380739958502.0,1390517804188.0,44729227060000,73984439097755,171643139695.0,2021-Q2,,,-63242139992,,,53726004528.0,,-38438737468.0,4850480257.0,,3211560416270.0,534610280683.0,1577448864767,37528431036813.0,17182805095788.0,,,66589935552973,,193304844203.0,2203362134984,23727790288950,7946101345417,,67282201044358,1583362334773.0,10037140327.0,159809151198694,159809151198694,,,24924970345533.0,9745151422187.0,2645433345190,40115950665.0
,,,27849336103608,5709067395365,,,,,,,,,,,,,,,,,,,,,,,,61076543892.0,,,,,,,,,,,,,72760709285906.0,63943158727826,-125751532794,21783899540127.0,,1337359300.0,,,75039110916884,66221560358804.0,789089750765.0,,,3909152193714,14018629193714,10109477000000,33132826590000.0,,,3392193661088,,,697306888011,330971730048,,,,67592452679850,9006211120.0,,,,,,10976768801746.0,,191864175426,,27750575698018,928641612156.0,,,571555355217.0,-9310894601.0,700000000.0,226325517504.0,,4335907062246.0,18268026878382.0,,161389105399.0,,,21256631609278,154672236800.0,1630316950335.0,,943713401158.0,374905083124.0,2637987658239.0,,16127650192.0,178071645979.0,,,1961288680383.0,,69326211586.0,220232846324.0,2682549162255.0,346714273364.0,1224218472549.0,33132826590000,66221560358804,213234715977.0,2021-Q1,,,-98760405590,,,38837693375.0,,-37692246283.0,5430632157.0,,3211560416270.0,717679313857.0,1153646412265,37292384217221.0,10806768801746.0,,,51504077676628,,166415497077.0,1787704891162,10002432464974,8684635872093,,67400588504424,922389352156.0,9955206696.0,138982269644710,138982269644710,,,28761453883279.0,6977554343152.0,2506178458482,41612950665.0
,,,26373360826788,3949486943250,,,,,,,,,,,,,,,,,,,,,,,,34564307818.0,,,,,,,,,,,,,72291648089103.0,56800328871828,-117634870955,17145536194786.0,,1236376147.0,,,74711108023192,59219788805917.0,1133445419487.0,,,2094316772526,13001001772526,10906685000000,33132826590000.0,,,5328742775048,,,681931844756,225553308024,666262529.0,,,65561657180137,5568369072.0,,,,,,8992092675380.0,,253837302594,,26286822229202,928641612156.0,,,564296973801.0,385206311.0,700000000.0,223664493846.0,,6247213506994.0,17343247551512.0,,171085206311.0,,,20316430635228,96007238800.0,1593026349829.0,,918470731946.0,305165547431.0,2637987658239.0,,16127650192.0,157801038336.0,,,1818579657853.0,,68736086170.0,209158308631.0,2565621734429.0,328061400351.0,910365502671.0,33132826590000,59219788805917,313099678402.0,2020-Q4,,,-86538597586,,,26000932740.0,,-39336197606.0,5846534626.0,,3211560416270.0,640129684182.0,1257272765123,36798465672104.0,8822092675380.0,,,51975217453875,,194466215434.0,1303037835829,10915752723952,6124790460291,,65307819877543,548579267830.0,13816802000.0,131511436895020,131511436895020,,,21783390780083.0,4637854585297.0,2357338716995,43109950665.0
,,,21083272648906,4051028423677,,,,,,,,,,,,,,,,,,,,,,,,20429179815.0,,,,,,,,,,,,,62484991198555.0,43319362756352,-109995193002,13753440613400.0,,2755258964.0,,,74152899413199,54987270970996.0,747592340531.0,,,2014168667015,5628548667015,3614380000000,33132826590000.0,,,18230070737102,,,680425207419,348097744739,1026909843.0,,,52405246185611,3712241632.0,,,,,,8810110507972.0,,257713007247,,20979333665419,923641612156.0,,,570430014417.0,7262310955.0,700000000.0,425609006289.0,,18964786840588.0,21254553307935.0,,27962310955.0,,,26525656068258,78994260800.0,1530055228360.0,,734716103486.0,261714137864.0,4741295865395.0,,19062994752.0,189382226589.0,,,1878152973099.0,,61945021636.0,182719877064.0,2090909071591.0,279467746661.0,615843726055.0,33132826590000,54987270970996,167760883022.0,2020-Q3,,,-103938983487,,,22162962408.0,,-38501553487.0,2822337972.0,,3211560416270.0,487978718566.0,341282462874,23997067430441.0,8790110507972.0,,,35959335130297,,110334674843.0,1199334989146,8753633979048,5830460844355,,52147533178364,1161300051367.0,18052257350.0,117472262169551,117472262169551,,,17526147884349.0,3772707270949.0,1962522139398,44606950665.0
,,,20863422367451,3177457033535,,,,,,,,,,,,,,,,,,,,,,,,33565035769.0,,,,,,,,,,,,,60063624398542.0,39021211004177,-101976338625,17913236187349.0,,2891123622.0,,,73622989668381,52580576274016.0,772088722473.0,,,2415989626409,7479589626409,5063600000000,27610741150000.0,,,23742182672087,,,672084591718,336018503234,1043835933.0,,,46200744450629,2692165260.0,,,,,,4687803760493.0,,260550086648,,20763287739249,923641612156.0,,,570108253093.0,12757319296.0,700000000.0,422785726749.0,,24828236314697.0,20652229603664.0,,33457319296.0,,,26502329052721,4834800000.0,1567442727861.0,,1086053642610.0,40878148906.0,5323732301975.0,,19062994752.0,175877819430.0,,,1903461231095.0,,60284611605.0,36043348906.0,1888101257653.0,316408413140.0,261153464028.0,27610741150000,52580576274016,164093502676.0,2020-Q2,,,-100134628202,,,23189978043.0,,-37673705418.0,2392045950.0,,3211560416270.0,477547366510.0,261987969111,22013921358872.0,4667803760493.0,,,33561295345821,,114554327787.0,818600704606,8686643222734,4222428620373,,45940194363981,832647708586.0,17623528050.0,112644200672558,112644200672558,,,20656063110900.0,2742826923551.0,1755923401816,46103950665.0
,,,19644199227624,3925408341409,,,,,,,,,,,,,,,,,,,,,,,,33390915121.0,,,,,,,,,,,,,57045558211069.0,34134100270691,-95061772167,15848249268187.0,,1421067811.0,,,72974866845532,50063408905154.0,582616225270.0,,,2648767189416,6157827189416,3509060000000,27610741150000.0,,,23811668891197,,,672084591718,308057863504,1060762023.0,,,46005627206922,1305887410.0,,,,,,1655638585240.0,,264912578177,,19554348585095,923641612156.0,,,577022819551.0,-3449303388.0,700000000.0,429162711723.0,,24345229200955.0,20243611152953.0,,35550696612.0,,,27426270704652,4432515000.0,1608467110745.0,,533560309758.0,40489063906.0,6652492138554.0,,19062994752.0,182623651969.0,,,1916524974249.0,,59439400670.0,36056548906.0,1791946526457.0,242631492358.0,187646191735.0,27610741150000,50063408905154,158773958265.0,2020-Q1,,,-89850642529,,,21441543977.0,,-37510119548.0,3000170180.0,,3211560416270.0,521900657440.0,409254906412,21100126947016.0,1617338585240.0,,,29619287506417,,127001982002.0,935673903076,6135745202950,5012639384483,,45740714628745,431847031405.0,23615397535.0,107108967116223,107108967116223,,,18133536187349.0,2285286919162.0,1641329146920,54422883337.0
,,,19480666533262,2699937350329,,,,,,,,,,,,,,,,,,,,,,,,27406111996.0,,,,,,,,,,,,,54002872297592.0,30471566196894,-86623231473,13941363843609.0,,1499822947.0,,,71319093190005,47787787089307.0,820081732402.0,,,1678316312859,4564902312859,2886586000000,27610741150000.0,,,36690905031241,,,663239742390,292226687880,1104751459.0,,,31243762955011,565534994.0,,,,,,1400865883167.0,,269371483256,,19411922751097,923641612156.0,,,576616510917.0,-1431313615.0,700000000.0,427328992030.0,,37441051429964.0,19842099219720.0,,25794216642.0,,,27005195768228,4910346000.0,1650738623090.0,,750146398723.0,27717594984.0,6652492138554.0,,3369818100.0,182908695283.0,,,2065335654004.0,,58387110781.0,22807248984.0,1545526233340.0,1567020588529.0,152750602353.0,27610741150000,47787787089307,247936926136.0,2019-Q4,,,-68743782165,,,20413737584.0,,-37145790132.0,3111122885.0,,3211560416270.0,429767494432.0,408691837688,16837653470387.0,1374340352910.0,,,26997676529364,,118551289085.0,757832561191,6177580855102,3574874546688,,30974391471755,478426389807.0,26815043462.0,101790659386899,101790659386899,,,15858369680604.0,1917005836995.0,1400159900793,
,,,18997874035873,2462803413789,,,,,,,,,,,,,,,,,,,,,,,,20457672937.0,,,,,,,,,,,,,51398830400376.0,30494639754256,-76276801473,12370941898659.0,,11637371875.0,,,66953716591494,46049525945374.0,678141841010.0,,,1595113515004,3972943652210,2377830137206,27610741150000.0,,,48977326832324,,,251519787168,281874930730,556624490.0,,,15086409094597,330640623.0,,,,,,1865946866524.0,,238539517273,,18945703297422,918641612156.0,,,175242985695.0,,700000000.0,634735006481.0,,49990309005285.0,20738255458345.0,,25878820359.0,,,26893204565664,,1303253656147.0,,1012982172961.0,22800638984.0,5442021158324.0,,,182554510725.0,,,1721023506271.0,,57055090267.0,22800638984.0,1881142888741.0,292809486981.0,147528078254.0,27610741150000,46049525945374,141913176823.0,2019-Q3,,,-52170738451,,,20581227757.0,,-35752723173.0,5810474497.0,,3211560416270.0,401495559820.0,262015344026,17430383939442.0,1840768046165.0,,,24505625834712,,125278698561.0,1267865728973,4536316402453,3854081869718,,14847869577324,736281936723.0,18413720703.0,97448356345750,97448356345750,,,14125697615600.0,1754755716941.0,1737450469477,
,,,15442137979390,2475094711967,,,,,,,,,,,,,,,,,,,,,,,,27628846839.0,,,,,,,,,,,,,48762602205062.0,29981285687955,-73080217509,10335747761845.0,,12294906207.0,,,63037406370114,44256089853007.0,733069417271.0,,,1558920071570,5900076071570,4341156000000,27610741150000.0,,,47053552030425,,,246767060543,250656557356,559618745.0,,,13820711278755,368986015.0,,,,,,2610451372517.0,,212172548712,,15391106218426,918641612156.0,,,173686843034.0,,700000000.0,621562660688.0,,47292134739550.0,20305601545791.0,,3771893666.0,,,26442461850977,,1398541959852.0,,238582709125.0,23193350024.0,5442021158324.0,,,143835789906.0,,,1798618012962.0,,53124250939.0,23193350024.0,1233966863410.0,339828567348.0,881498436713.0,27610741150000,44256089853007,131493533399.0,2019-Q2,,,-51031760964,,,19592616490.0,,-35761123411.0,5484599099.0,,3211560416270.0,380022819010.0,250161169385,13962531205777.0,2607379478851.0,,,22320140354085,,96772368379.0,1515630124222,5777607151623,4848757055698,,13608538730043,712313044334.0,17853159214.0,93018692058069,93018692058069,,,12370941898660.0,2035194136815.0,1119341335817,
,,,12705505081496,2519025013348,,,,,,,,,,,,,,,,,,,,,,,,28525446159.0,,,,,,,,,,,,,42735605416956.0,28055962486199,-70053373782,14906623009395.0,,9337932452.0,,,56890767272793,42211124342036.0,809643274019.0,,,1630505248103,6110879210952,4480373962849,21239071660000.0,,,40562771720164,,,246767060543,234431462682,,,,14137741367378,282299456.0,,,,,,3278355875278.0,,214841834184,,12658139914824,918641612156.0,,,176713686761.0,,700000000.0,468765783851.0,,40759114660657.0,18678247132851.0,,59089706857.0,,,20862634810036,,1419059142232.0,,196342940493.0,23145210169.0,1647091707192.0,,,134151102309.0,,,1653490604914.0,,48869143344.0,23145210169.0,1077673794282.0,243631936604.0,875335330905.0,21239071660000,42211124342036,168483759497.0,2019-Q1,,,-47365166672,,,19661042798.0,,-35889297094.0,6077739292.0,,3211560416270.0,346458982464.0,359215105051,11802863530796.0,3219966168421.0,,,21872970606920,,118751191495.0,1621494418109,7628433938872,4989303397720,,13922899533194,479636894166.0,17406286088.0,84946729758992,84946729758992,,,16707417251845.0,1800794242450.0,941516316699,81472036057.0
,,,14188355173355,2281760501157,,,,,,,,,,,,,,,,,,,,,,,,9929720982.0,,,,,,,,,,,,,37616012807129.0,26013633267830,-67026530055,13346921317605.0,,4940428672.0,,,52211329380109,40608949840810.0,775403536738.0,,,1822302135457,2515617135457,693315000000,21239071660000.0,,,37198826355023,,,246767060543,206227896900,,,,12782560625001,276819257.0,,,,,,3790447636992.0,,217197095122,,14115158052529,918641612156.0,,,179740530488.0,,700000000.0,451100573027.0,,37404367403919.0,12810996979972.0,,66584926457.0,,,13316816630787,,1461311868435.0,,205541048896.0,22301804672.0,,,,128257269222.0,,,1844008413809.0,,36480820999.0,22301804672.0,1743137325755.0,300069780261.0,855831785552.0,21239071660000,40608949840810,252288255386.0,2018-Q4,,,-73197120826,,,18238256789.0,,-37693842866.0,6238723132.0,,3211560416270.0,263549362763.0,361444408581,11494717393327.0,3724562710535.0,,,24299196176342,,122420331320.0,810319171039,10354044794458,3915158043554,,12565363529879,481510200714.0,18748840104.0,78224962647939,78224962647939,,,15111142063905.0,1764220746300.0,1601968154331,
,,,14859260924492,2748733518605,,,,,,,,,,,,,,,,,,,,,,,,10559835911.0,,,,,,,,,,,,,31069071303247.0,31834300607121,-64007505618,11131501988924.0,,1735933187.0,,,38268471313713,39033700617587.0,658823148401.0,,,937606668262,3976151668262,3038545000000,21239071660000.0,,,22914110558728,,,246141517543,187192446807,143476720.0,,,13086355600772,422577406.0,,,,,,5922226878851.0,,203861409786,,14770217336303,918641612156.0,,,182134011925.0,,700000000.0,540911158271.0,,23340740179840.0,9011900651509.0,,22030941489.0,,,9608616158256,,1332714173291.0,,426629621112.0,22307347172.0,,,,130549911124.0,,,1519906620098.0,,35494661025.0,22307347172.0,1546831774922.0,502931037809.0,588652040210.0,21239071660000,39033700617587,111429112149.0,2018-Q3,,,-89043588189,,,20166210731.0,,-36934899098.0,7402480267.0,,3211560416270.0,282474395626.0,405076519485,13023391906780.0,5900895937362.0,,,21460455144991,,151753510067.0,2338017297368,5729031785682,5640203890272,,12882494190986,729334922881.0,15950589606.0,70102771920834,70102771920834,,,13533454440631.0,2401952451707.0,1379127675249,94996612417.0
,,,13024194419202,2028079364820,,,,,,,,,,,,,,,,,,,,,,,,14940535241.0,,,,,,,,,,,,,25450739468494.0,33713013620413,-60988481181,15004337412438.0,,1328190261.0,,,28364569664387,36626843816306.0,674633083238.0,,,1063073003002,5319038225154,4255965222152,15170790000000.0,,,13029039469654,,,246141517543,180951614921,143476720.0,,,13072518388579,23097859.0,,,,,,7775229359418.0,,205730607022,,12887026543733,918641612156.0,,,185153036362.0,,700000000.0,456843080513.0,,13435136074943.0,4976499450228.0,,21894926457.0,,,5492370576977,,1344631018832.0,,406096605289.0,22307347172.0,,,,125904351519.0,,,1729537147995.0,,38461766435.0,22307347172.0,1175313456043.0,1419531070027.0,691335698570.0,15170790000000,36626843816306,180564622217.0,2018-Q2,,,-137167875469,,,20422803081.0,,-35812771992.0,7247116218.0,,3211560416270.0,256089405905.0,797009065381,11527601640256.0,7754034432961.0,,,19958368891517,,141564735167.0,3892670480863,4374280705794,6577600962522,,12866787781557,706471647240.0,16059788009.0,62077583284800,62077583284800,,,17199924338502.0,2195586926064.0,1017688932867,
,,,11473029927631,1982714902404,,,,,,,,,,,,,,,,,,,,,,,,20403665550.0,,,,,,,,,,,,,20009291058652.0,32950886918408,-57969456744,12806120845975.0,,1640892410.0,,,21486597050953,34428192910709.0,713195107462.0,,,846812895854,6662968459743,5816155563889,15170790000000.0,,,5999451011252,,,246141517543,185722116391,323343872.0,,,13075194506203,,,,,,,7112495316566.0,,195575206027,,11333204635800,918641612156.0,,,188172060799.0,,15700000000.0,411943997721.0,,6779802318769.0,2077143669720.0,,31015649848.0,,,2550231292200,,1095751686732.0,,780351307517.0,22307347172.0,,,,121250780939.0,,,1281473803123.0,,41920873188.0,22307347172.0,678986415105.0,1368185843735.0,373123574564.0,15170790000000,34428192910709,236794773306.0,2018-Q1,,,-139825291831,,,18899407699.0,,-34932619381.0,7425670031.0,,3202198967068.0,246885610097.0,705004491879,10291257465605.0,7097179666718.0,,,17459059766452,,136129041210.0,4856000991045,3420134716675,7178547741042,,12879619300176,449772422112.0,17366234169.0,54437483969361,54437483969361,,-2063270000.0,15017374820546.0,2211253974571.0,525491139726,108631365039.0
,,,11912942448894,1999843596977,,,,,,,,,,,,,,,,,,,,,,,,2863469241.0,,,,,,,,,,,,,20624417566339.0,33077484195254,-54950432307,11001337719068.0,,1376259056.0,,,19944513582995,32397580211910.0,705503675557.0,,,764396954689,4264641954689,3500245000000,15170790000000.0,,,4750859425645,,,246141517543,170753319290,323343872.0,,,13173015169503,,,,,,,9937958818433.0,,185537561239,,11768631544306,518641612156.0,,,191191085236.0,,15700000000.0,386454362041.0,,5473774675841.0,1651494675275.0,,16951738400.0,,,2103881932012,,842611587232.0,,722915250196.0,21810530536.0,,,,110613825490.0,,,1013364906522.0,,46659980466.0,21810530536.0,552271816578.0,443879912630.0,582993931761.0,15170790000000,32397580211910,294643257677.0,2017-Q4,,,-144310904588,,,18949570358.0,,-35984891839.0,7150637096.0,,3202198967068.0,309010493032.0,824276288448,11328518776500.0,9936707080033.0,,,18520535634327,,108286905642.0,4007002903693,4226437580299,6555231799648,,12987477608264,378251543847.0,22068485867.0,53021997778249,53021997778249,,-1693270000.0,13397029077196.0,2395691358128.0,421916425069,54405476957.0
,,,11272736502086,1662983368047,,,,,,,,,,,,,,,,,,,,,,,,14313522585.0,,,,,,,,,,,,,18205062567794.0,30643371644872,-51928649679,9000573542146.0,,1812297462.0,,,17698775610176,30137084687254.0,617259492525.0,,,847714292986,2591864482986,1744150190000,15170790000000.0,,,3266601010106,,,245628493960,161803832134,653507109.0,,,12544057381764,,,,,,,11931316118066.0,,185170058459,,11120130644773,520253104213.0,,,193699844281.0,3111776141.0,15700000000.0,411620621038.0,,3914706437658.0,1181165360145.0,,33811776141.0,,,1735919550381,,770794396452.0,,648105427552.0,20536305536.0,,,,105684327327.0,,,932598228586.0,,122615946946.0,20536305536.0,411611648077.0,223989593947.0,380196757016.0,15170790000000,30137084687254,148837978767.0,2017-Q3,,,-152605857313,,,19864115143.0,,-41144416040.0,9102030083.0,,3202198967068.0,274724602090.0,1095781192516,10235941401138.0,11916316118066.0,,,16469143017413,38440000000.0,91591945270.0,2561160744485,3000843749047,4603448750970,,12358887323305,848349454715.0,28202222321.0,48342147255048,48342147255048,,-1375020000.0,11139533308646.0,2138959766500.0,291817480486,59365636210.0
,,,11101744443312,1668110207600,,,,,,,,,,,,,,,,,,,,,,,,17559712850.0,,,,,,,,,,,,,16723038709594.0,23982297253905,-48909625244,7462595887875.0,,1780770197.0,,,15680187074886,22939445619197.0,646411103638.0,,,689226940757,1813484050479,1124257109722,12642554170000.0,,,1938827057271,,,245628493960,144503570386,653507109.0,,,12527280251353,,,,,,,7829578768230.0,,184643943869,,10954947291959,520253104213.0,,,196718868716.0,3121533421.0,15702128365.0,409922711345.0,,1951183464168.0,415200000000.0,,33823661786.0,,,968732079657,2500000000.0,739120206813.0,,12356406897.0,23035305536.0,,,,103180488052.0,,,883623777199.0,,122606067822.0,20535305536.0,410063883315.0,117508892437.0,401143464785.0,12642554170000,22939445619197,147489747162.0,2017-Q2,,,-146797151353,,,20349793381.0,,-41034406653.0,9015021812.0,,674149437068.0,164485933070.0,1041670122560,9491993541160.0,7814578768230.0,,,15754306629937,,50777705427.0,959223223993,3606821099502,2989223259922,,12342636307484,511351455746.0,27509856259.0,39662484328791,39662484328791,,-1093000000.0,9000401419864.0,1537805531989.0,331776321629,64521746128.0
,,,10653996774526,1390022893861,,,,,,,,,,,,,,,,,,,,,,,,28777728263.0,,,,,,,,,,,,,15542328417312.0,21530442705748,-45890600811,9106346648457.0,,1305027570.0,,,15415383428223,21403497716659.0,670703387633.0,,,654071936128,2380437136128,1726365200000,8428749560000.0,,,1474912393605,,,245628493960,135759730521,908757131.0,,,12458218120117,,,,,,,5703917543438.0,,183720359193,,10509719326031,1156415747213.0,,,199737893149.0,3260714763.0,15702128365.0,318634371757.0,,1751716922588.0,612200000000.0,,48752875262.0,,,1072004984045,2500000000.0,728439631004.0,,276804528983.0,23080399536.0,,,,104713866691.0,,,864199361525.0,,120903188185.0,20580399536.0,467328020393.0,117861382618.0,101070606304.0,8428749560000,21403497716659,190634109308.0,2017-Q1,,,-144277448495,,,19358666972.0,,-40924814643.0,9697171619.0,,674149437068.0,136971239853.0,973688394689,9012842223432.0,5674127511304.0,,,14470323433267,,52142346521.0,1047356998800,2908323408612,2498830711892,,12274497760924,420824387240.0,26168287755.0,36945826133971,36945826133971,,-1093000000.0,11040562105687.0,1934215457230.0,389017386117,69677856046.0
,,,10391513459256,1530020527490,,,,,,,,,,,,,,,,,,,,,,,,5433344113.0,,,,,,,,,,,,,13372600227415.0,18169854347204,-42871576380,7540574174546.0,,857388807.0,,,15056701779891,19853955899680.0,396086246105.0,,,556922713727,4558660713505,4001737999778,8428749560000.0,,,1183491612645,,,245628493960,127323104170,908089744.0,,,12670104393719,,,,,,,753389390583.0,,182648683813,,10247213245079,1156415747213.0,,,202756917580.0,3271387743.0,15702128365.0,280768142325.0,,1230511021929.0,522200000000.0,,78864136876.0,,,941270337384,2500000000.0,647006412215.0,,47019409284.0,25301827438.0,,,,105973657473.0,,,774329516385.0,,118559169199.0,22801827438.0,283680937620.0,140597741406.0,175058311526.0,8428749560000,19853955899680,262345657291.0,2016-Q4,,,-144300214177,,,18834936116.0,,-41339337971.0,14918462172.0,,674149437068.0,159606432529.0,1036123955455,5938170638894.0,693498769815.0,,,12431329890031,,18987922592.0,722329120353,3733661028705,2386926010205,,12487455709906,744386383361.0,8803759450.0,33226556127095,33226556127095,,-1093000000.0,9489760497926.0,1949186323380.0,255638597538,74833965964.0
,,,8208921229994,1243987160382,,,,,,,,,,,,,,,,,,,,,,,,236303067285.0,,,,,,,,,,,,,10400946595291.0,13826056759889,-39866883777,6364182643368.0,,680850829.0,,,14642504279506,18067614444104.0,268696742454.0,,,550480484627,3282771484627,2732291000000,8428749560000.0,,,1364879117805,,,244738373323,136251161332,,,,12032301621293,,,,,,,335696584272.0,,163428872865,,7988920694672,891436091839.0,,,204871489546.0,3775734591.0,15702128365.0,288100334452.0,,1411218954884.0,612200000000.0,,104676948589.0,,,1025396939320,2500000000.0,656187845950.0,,46339837079.0,17006182031.0,,,,105384347195.0,,,792439007282.0,,116334508414.0,14506182031.0,239654254321.0,111248577092.0,40442307200.0,8428749560000,18067614444104,149927224553.0,2016-Q3,,,-220000535322,,,8762096454.0,,-41210090298.0,24594418473.0,,674149437068.0,147272143740.0,267746613597,4988679516562.0,250497498639.0,,,9375549655971,,39860624102.0,822581112162,2246526941364,2066481340275,,11868872748428,934554410851.0,15099077578.0,28468561039395,28468561039395,,-1093000000.0,7968988008002.0,1604805364634.0,180157527351,79990075881.0
,,,8467487141204,890806349122,,,,,,,,,,,,,,,,,,,,,,,,22839414610.0,,,,,,,,,,,,,10149618840804.0,13578974632548,-37456851461,5506202848160.0,,1532295268.0,,,14096395414531,17525751206275.0,290027376247.0,,,584191498132,3026844764799,2442653266667,7329514190000.0,,,984286312732,,,231067736012,137138991419,,,,11884794959889,,,,,,,635970013623.0,,162417254013,,8247773599031,891436091839.0,,,193610884551.0,3775734591.0,15702128365.0,240550616058.0,,987415722356.0,600000000000.0,,110269010218.0,,,976897089893,5000000000.0,680987276345.0,,3129409624.0,17019383954.0,,,,77570295710.0,,,818152267764.0,,115817922084.0,12019383954.0,282096915755.0,159345794310.0,46275491404.0,7329514190000,17525751206275,145892641933.0,2016-Q2,,,-219713542173,,,20528551751.0,,-41436240308.0,9503270688.0,,674149437068.0,119030230544.0,115487829109,5250888350226.0,545178866361.0,,,9172721750911,,27217390776.0,582384684717,2430633005059,1479562580203,,11722377705876,629073838185.0,6626264461.0,27675370047079,27675370047079,,-961000000.0,8554042191658.0,3047839343498.0,243289073316,85146185799.0
,,,6274915888364,1237301153635,,,,,,,,,,,,,,,,,,,,,,,,32778073533.0,,,,,,,,,,,,,10001984766658.0,11642970625581,-47200966490,5505974547785.0,,1194426964.0,,,13810667777221,15451653636144.0,305114459751.0,,,731471037984,2926138476017,2194667438033,7329514190000.0,,,1458586724785,,,249190404536,88726342665,157445445.0,,,11318814491418,,,,,,,925469253471.0,,163476682558,,6033626509231,891436091839.0,,,201989438046.0,3806335925.0,15702128365.0,181510440109.0,,1461596931909.0,450000000000.0,,113879529136.0,,,762477783092,5000000000.0,518867864377.0,,3010207124.0,16477883954.0,,,,29228904295.0,,,607620207042.0,,113441084461.0,11477883954.0,149289205734.0,125451578411.0,49780985629.0,7329514190000,15451653636144,170812487030.0,2016-Q1,,,-241289379133,,,17368813077.0,,-41439016473.0,9596540725.0,,674149437068.0,105840785892.0,264847386983,5997051668879.0,831098188625.0,,,9239506983566,,26869860527.0,458251826219,1874473722974,1705089375974,,11155337808860,353540279388.0,5519374766.0,25453638402802,25453638402802,,-712000000.0,6528037012942.0,1022062465157.0,112357710441,90302295716.0
,,,7208431796057,1210987095176,,,,,,,,,,,,,,,,,,,,,,,,14311517049.0,,,,,,,,,,,,,11042258145729.0,11921851107292,-43955766732,4984581626830.0,0.0,1005987038.0,0.0,,13587493983230,14467086944793.0,349360107894.0,0.0,0.0,349362971420,2374928605865,2025565634445,7329514190000.0,0.0,0.0,4353320188923,0.0,0.0,236450059552,83703031782,157445445.0,0.0,0.0,8210630017361,0.0,0.0,0.0,0.0,,0.0,841131890101.0,0.0,163960338365,0.0,6937821177071,891436091839.0,,0.0,192494292820.0,3806335926.0,15702128365.0,181520840109.0,0.0,4356291117990.0,739000000000.0,0.0,102545479271.0,0.0,0.0,1047226044551,5000000000.0,534253509879.0,0.0,2970929067.0,16485258954.0,0.0,0.0,0.0,22876213661.0,0.0,0.0,617956541661.0,0.0,110185097424.0,0.0,242888684486.0,95876723486.0,47199848985.0,7329514190000,14467086944793,212634466244.0,2015-Q4,0.0,0.0,-270610618986,0.0,11485258954.0,16362661573.0,0.0,-41276739619.0,9745648319.0,0.0,674149437068.0,106756384950.0,50112574555,6119017325257.0,758094875121.0,0.0,0.0,9995032101178,0.0,22646676605.0,390265827195,2638687908117,1608182018775,0.0,8046669678996,398529445307.0,7976572385.0,25509345090522,25509345090522.0,0.0,-638500000.0,5549749512225.0,565167885395.0,212136927444,91091275173.0
,,,7037238319799,1213029626451,,,,,,,,,,,,,,,,,,,,,,,,33803494835.0,,,,,,,,,,,,,10532570871723.0,12061988374463,-41617432882,4452804542264.0,,667200951.0,,,12534926489246,14064343991986.0,180658162267.0,,,350879759286,2107094759286,1756215000000,7329514190000.0,,,3112750470623,,,232446624627,72554374856,,,,8335625371250,,,,,,,1043101973585.0,,165087433797,,6810793303342,674783632921.0,,,190829191745.0,3946325789.0,15702128365.0,193547348643.0,,3115483421509.0,889000000000.0,,95973963372.0,,,1205147742503,,422076829137.0,,2732950886.0,11364921454.0,,,,23779168780.0,,,494740235829.0,,106126518999.0,11364921454.0,210884176378.0,291872646799.0,44042453738.0,7329514190000,14064343991986,106648384510.0,2015-Q3,,,-226445016457,,,16473874861.0,,-40757619589.0,9063263658.0,,674149437068.0,132056074981.0,67456978807,5894704004717.0,966776464367.0,,,9327423129220,,27168712678.0,751806391268,2180393593974,1968788052819,,8170537937453,430766524672.0,18690061532.0,24596914863709,24596914863709,,-338500000.0,5362456063217.0,909651520953.0,160328638710,290963900005.0
,,,6360369692266,1139208828411,,,,,,,,,,,,,,,,,,,,,,,,72408080108.0,,,,,,,,,,,,,9725543208479.0,11258195697218,-39445908820,2543061178566.0,,619242402.0,,,11709431500752,13109319294222.0,198967628951.0,132764695269.0,,417465619345,2022505414440,1605039795095,7329514190000.0,,,2171409552680,,,232446624627,64136152821,,,,8393607521880,,,,,,,1108071397249.0,,168174882735,,6133970086408,,,,193000715807.0,3946325789.0,15702128365.0,137484836373.0,,2173783948577.0,1177072326185.0,,92972991543.0,,,1422205821012,,460785330253.0,,2374395897.0,8787096454.0,,,,,,674783632921.0,526963714910.0,,104225862287.0,8787096454.0,132448511352.0,97786187413.0,42400721669.0,7329514190000,13109319294222,103187147465.0,2015-Q2,,,-226399605858,,,3422796167.0,,-40349469762.0,13408217425.0,,674149437068.0,145786201529.0,56107718299,5316167649541.0,1034746859860.0,,,8303337387467,,27978060989.0,795134565077,1907351602541,1937013887797,,8225432639145,392166954195.0,11548175859.0,22967627197970,22967627197970,,-181000000.0,4431053034233.0,1887991855667.0,87944149226,321336627499.0
,,,7303021591293,1198782929916,,,,,,,,,,,,,,,,,,,,,,,,12451669176.0,,,,,,,,,,,,,9424536729101.0,11503116480709,-37274384758,4009036313467.0,0.0,758138384.0,0.0,,10401830751567,12359127256713.0,209592199838.0,121283246462.0,0.0,675885170006,1453491349657,777606179651,4886431750000.0,0.0,0.0,742833334182,0.0,0.0,232446624627,54354917191,0.0,0.0,0.0,8528871035647,0.0,0.0,0.0,0.0,,0.0,902224598326.0,0.0,179548816779,0.0,7097489096674,0.0,,0.0,195172239869.0,3997137449.0,15702128365.0,147659126987.0,0.0,742833334182.0,967072326185.0,0.0,74767387454.0,0.0,0.0,1212254919977,0.0,447037248407.0,0.0,0.0,7042317906.0,0.0,0.0,0.0,0.0,0.0,674783632921.0,501477997434.0,0.0,97523466805.0,9507183602.0,113850457176.0,152954323036.0,34597996670.0,4886431750000,12359127256713,121639859551.0,2015-Q1,0.0,0.0,-205532494619,0.0,-2464865696.0,0.0,0.0,-37984786846.0,16252371653.0,0.0,2140000817068.0,131042868162.0,50853634492,5528363856065.0,847156476686.0,0.0,0.0,8212281809124,0.0,24564066012.0,797434524930,1686175867794,1993588803054,0.0,8349322218868,302955159357.0,11773635023.0,21904947232276,21904947232276.0,0.0,0.0,4657911056724.0,648874743257.0,72593351065,351709354993.0
,,,7600703758252,1247336001375,,,,,,,,,,,,,,,,,,,,,,,,,,,,,,,,,,,,,10123759154194.0,11745429717382,-35102860696,,,,,,10343675904462,11796575339376.0,214569969365.0,168771128274.0,,556849294021,2001780467705,1444931173684,,,,429472156988,,,232446624627,52496321286,52573833.0,,674783632921.0,9158124616833,,,,,,,,,180165542072,,7385982501899,,,,197343763931.0,3997137449.0,,,,,930863752151.0,,61184828523.0,,,1026985031948,,483218729903.0,,,,,,,,,,554166174187.0,57187691074.0,96068705964.0,,110423124168.0,134165173120.0,55961139232.0,4819081750000,11796575339376,158701054509.0,2014-Q4,,,-214721256353,,,,,-40801876327.0,17171173699.0,,2207350817068.0,204745212904.0,158911796301,5816983436809.0,531141791271.0,,,9096774122246,,10020994351.0,457068881547,1927825490815,1719564145827,,8548486917773,463700814724.0,12885222163.0,22089105621844,22089105621844,531141791271.0,,4095359139387.0,,80592280678,382082082487.0
,,,7239382080744,1062891428950,,,,,,,,,,,,,,,,,,,,,,,,,,,,,,,,,,,,,9431875124397.0,10847243527197,-31903570837,,,,,,10206621781010,11475158361506.0,73423265666.0,146831822304.0,,439877282491,1651561080358,1211683797867,,,,315560128074,,,224785542954,66324705038,20358063.0,,459080197478.0,8881527209575,,,,,,,,,181374377391,,7204720579389,,,,192881972117.0,5420605907.0,,,,,1385451947501.0,,23470004101.0,,,1477646854994,,564722275868.0,,,749867913.0,,,,,,,648082368078.0,18049398194.0,92174549430.0,749867913.0,193437233727.0,234017630008.0,34722632193.0,4819081750000,11475158361506,92507111196.0,2014-Q3,,,-34661501355,,,,,-15512970961.0,14090367761.0,,2207350817068.0,321620966509.0,34074237954,5295678156614.0,258551972820.0,,,7954228269403,,49189511727.0,469289868577,1581221127382,1551390958759,,8384592704110,307595406313.0,8045522963.0,21053865308207,21053865308207,258551972820.0,,3989645596960.0,,111365603325,468428052812.0
,,,7096154263680,848927360092,,,,,,,,,,,,,,,,,,,,,,,,,,,,,,,,,,,,,9608604478109.0,10185267661307,-29809616926,,,,,,10164480042087,10698029032984.0,93588986617.0,43114192301.0,,501256076871,1429108292747,927852215876,,,,221773288923,,,235699327401,60734522656,20371856.0,,459080197478.0,9058200385323,,,,,,,,,186697136393,,7061231281217,,,,205889710475.0,5420605907.0,,,,,1396520571671.0,,21122734272.0,,,1484951682903,,313073135199.0,,,749867913.0,,,,,79740858958.0,,390843045027.0,15702128365.0,88410739376.0,749867913.0,212261868946.0,460935496686.0,31746072054.0,4819081750000,10698029032984,89529728353.0,2014-Q2,,,-34922982463,,,,,-15095881801.0,13886037652.0,,2207350817068.0,508113447757.0,53318242096,4749489553472.0,365935396771.0,,,8123652795206,,39174776186.0,263090476680,1909028876738,1128668027025,,8649729960007,245762425835.0,46718937794.0,20349747703394,20349747703394,365935396771.0,,3132775409480.0,,102493744168,496191992663.0
,,,6806573307953,1189832021976,,,,,,,,,,,,,,,,,,,,,,,,,,,,,,,,,,,,,11256741702433.0,11110329506201,-27182371805,,,,,,10559423169345,10309475352863.0,98653837780.0,103535620250.0,,438266449246,2195020257953,1756753808707,,,,245970536523,,,88066912353,53956653344,142142193.0,,459080197478.0,9154049472077,,,,,,,,,187973530210,,6771400748851,,,,60884540548.0,5553170441.0,,,,,1561575768508.0,,21255298806.0,,,2093025587011,,310730650028.0,,,449544155372.0,,,,,,,381722690544.0,15702128365.0,531307676310.0,449544155372.0,240966961398.0,937725878712.0,37223426033.0,4190525330000,10309475352863,91539751530.0,2014-Q1,,,-35172559102,,,,,-14701132405.0,12516229883.0,,2207350817068.0,550743912490.0,81529600081,5685729322599.0,404610725404.0,,,9163716115422,,45914983624.0,301846119771,1449814730319,1514200435375,,8720105405344,255462852028.0,64708706323.0,21669752675546,21669752675546,404610725404.0,,3452519008317.0,,98604025891,500484705584.0
,,,7948364813960,1258518278675,,,,,,,,,,,,,,,,,,,,,,,,,,,,,,,,,,,,,13376797694849.0,12287301998192,-26064617589,,,,,,10673891739662,9497763277869.0,93456836977.0,86632765136.0,,282763115668,2267622390696,1984859275028,,,,133570569419,,,88066912353,54344805858,142142193.0,,394341405728.0,9187130524311,,,,,,,,,189063615103,,7913085213700,,,,62002294764.0,5582385559.0,,,,,1849674148472.0,,21284513924.0,,,2364746982315,,326428533088.0,,,449759238679.0,,,,,,,380943154946.0,15702128365.0,514930691650.0,449759238679.0,256710469770.0,2045822283922.0,34778986769.0,4190525330000,9497763277869,122128725000.0,2013-Q4,,,-35279600260,,,,,-14643202437.0,13212673155.0,,2207350817068.0,345447630212.0,79676433981,5725709275613.0,245493671402.0,,,11012050712534,,42122793350.0,352068616679,2198766647378,1630722679686,,8864496339789,387830206296.0,34082023602.0,22961193737854,22961193737854,245493671402.0,,2705545725073.0,,127840798694,572856921038.0
,,,7987569900980,1009671995720,,,,,,,,,,,,,,,,,,,,,,,,,,,,,,,,,,,,,12875532863469.0,11805583231925,-24946863369,,,,,,10722951190434,9105588923836.0,6746206126.0,547412635054.0,,500599852503,2014263312314,1513663459811,,,,2823405175477,,,88066912353,53004124811,46490756.0,,290146605696.0,9051050856779,,,,,,,,,190332071428,,7940583999513,,,,63120048984.0,5775893861.0,,,,,2056408322857.0,,25385022226.0,,,2530215967372,,328089583494.0,,,449372088727.0,,,,,,,381243524305.0,19609128365.0,473761153759.0,449372088727.0,332807180137.0,2653888277828.0,41516578313.0,4190525330000,9105588923836,69528859115.0,2013-Q3,,,-46985901467,,,,,-14786055710.0,12180671593.0,,2207350817068.0,121302272172.0,66747954507,5100528941087.0,120433565257.0,,,10345316896097,,54663239876.0,393926087693,1982563242234,1430328606016,,6037313609874,331830471435.0,45556126534.0,22528534422359,22528534422359,120433565257.0,,2417566171072.0,,166920951103,752854557413.0
,,,7547546684618,946750819132,,,,,,,,,,,,,,,,,,,,,,,,,,,,,,,,,,,,,11589078733835.0,10883282075665,-23829109153,,,,,,10269221212044,9028295607495.0,24737089443.0,535128946380.0,,215639630125,1385641109292,1170001479167,,,,4243849877020,,,88066912353,48282116840,51315648.0,,290146605696.0,8583948703425,-1620010073.0,,,,,,,,190934751963,,7495545273158,,,,64237803200.0,5775893861.0,,,,,2102278038608.0,,25385022226.0,,,2575851091815,,313435172652.0,,,449337970844.0,,,,,,,361878347492.0,19609128365.0,473521737559.0,449337970844.0,337280977345.0,2314828705034.0,318021694217.0,4190525330000,9028295607495,68501925778.0,2013-Q2,,,-52001411460,,,,,-177707203314.0,10474319656.0,,2207350817068.0,137948642338.0,51996906849,4214175488425.0,167413612457.0,,,9013227642020,,35126310826.0,438646071883,1855702474356,1525711381918,,4149164074442,334862090141.0,39907321280.0,21152503287709,21152503287710,167413612457.0,,2341892864804.0,,205626788229,784513893857.0
,,,6686446587977,1066004614042,,,,,,,,,,,,,,,,,,,,,,,,,,,,,,,,,,,,,10160698957084.0,9713924689615,-22711354938,,,,,,9479433752673,8516718830334.0,31811678317.0,515940654870.0,,271257087368,996320633597,725063546229,,,,3352831987043,,,88066912353,49315744166,13793.0,,290126805696.0,7737257713412,-1620010073.0,,,,,,,,166191758952,,6654921112213,,,,65355557415.0,5809369255.0,,,,,1892563018950.0,,26218497620.0,,,3913252341797,,314872500863.0,,,449337970844.0,,,,,,,400324178029.0,20409128365.0,2020689309054.0,449337970844.0,269213199059.0,128134560787.0,312831593484.0,4190525330000,8516718830334,67330976765.0,2013-Q1,,,-31525475764,,,,,-178575179034.0,9232497809.0,,2207350817068.0,171974642152.0,71940658184,4179507340081.0,49683612457.0,,,6247446615287,,39020649267.0,569932885949,1269255519744,1770193914441,,4218233967417,318258741448.0,31602102998.0,19193358442288,19193358442288,49683612457.0,,1830335887643.0,,145774882490,819007801853.0
,,,6769412286523,1150153720154,,,,,,,,,,,,,,,,,,,,,,,,,,,,,,,,,,,,,10379090168819.0,10146970710411,-20955360387,,,,,,8809712160906,8085165350598.0,48353389704.0,492427351902.0,,178948771476,1484014467917,1305065696441,,,,2545104717736,,,29106577749,62725254447,13793.0,8634127517.0,290231871696.0,7065457495961,4421230305.0,,,,,,,,166217334650,,6748681330739,,,,8151217362.0,5809369255.0,,,,,1455708545840.0,,26218497620.0,,,3076196429104,,327676686308.0,,,449337970844.0,,,,,,,426537873755.0,20409128365.0,1620487869471.0,449337970844.0,264579056459.0,105812107259.0,292729021070.0,4190525330000,8085165350598,99320345983.0,2012-Q4,,,-20730955784,,,,,-178589724256.0,11211707436.0,,2207350817068.0,306532510034.0,187595273309,4850248888636.0,30400000000.0,,,7302893739715,,37412808587.0,381695830668,1482156737895,1645988847636,,4345501316058,211662779459.0,32413440414.0,18956682871317,18956682871319,30400000000.0,,1392636101529.0,,141366822778,852077071864.0
,,,6350261002391,1186949989290,,,,,,,,,,,,,,,,,,,,,,,,,,,,,,,,,,,,,8760380871958.0,9582379938208,-20289946157,,,,,,7961375640781,8293950276192.0,27444254646.0,489424430838.0,,175302403097,841333686658,666031283561,,,,1692190565982,,,29106577749,79902352058,733356.0,8906160329.0,268773494486.0,6156937504140,4382807705.0,,,,,0.0,,,167619597144,,6340082157400,,,,8816631592.0,5726656675.0,,,,,1944912353951.0,,26935785040.0,,,3306709086203,,340576331867.0,,,449337970844.0,,,,,,,459089399187.0,21209128365.0,1333961988095.0,449337970844.0,287519688948.0,104963029283.0,303870297615.0,3492111080000,8293950276192,27932615385.0,2012-Q3,,,-10178844991,,,,27834010801.0,-14848775905.0,8641369070.0,,2207350817068.0,314345058350.0,134623409314,3642012225280.0,,,,5453671785755,,64349113130.0,666990474909,997126524693,2142961985909,,4288221180685,196583299734.0,29093047325.0,17543755578989,17543755578988,,,2321332076933.0,,135042367079,879563707609.0
,,,6984245057677,1279667615466,,,,,,,,,,,,,,,,,,,,,,,,,,,,,,,,,,,,,9449059578212.0,9782537643284,-19624531929,,,,,,7934015026618,8005760070610.0,30340085930.0,261733021080.0,,278632686205,842192811281,563560125076,,,,1497152459521,,,29106577749,83965689799,13346456.0,9141837132.0,269337278874.0,6074098350366,6038910543.0,,,,,0.0,,,168801334118,,6969546885291,,,,9482045820.0,5726656675.0,,,,,1908274833699.0,,25228785040.0,,,3226906616283,,351993847494.0,,,449008590000.0,,,,,,,474570252555.0,19502128365.0,1290784425327.0,449008590000.0,271526682776.0,110122320388.0,29476158204.0,3492111080000,8005760070610,25051251809.0,2012-Q2,,,-14698172386,,,,27834010801.0,-13504574076.0,9157191617.0,,2220971905690.0,425819048077.0,160785596106,3856882762869.0,,,,6222152961929,,69838136745.0,430288146141,1437186320854,1725927345735,,4399002719595,166808384279.0,14748622268.0,17716552669902,17716552669902,,-38478682218.0,2055779577721.0,,133627760165,920932360468.0
,,,5850734298251,1438679416069,,,,,,,,,,,,,,,,,,,,,,,,,,,,,,,,,,,,,8702769787127.0,8643967393674,-18811656982,,,,,,8219814251403,7608570749007.0,32072613219.0,552441108943.0,,217800940571,719588084795,501787144224,,,,1397914731284,,,29106577749,70184791452,2679181805.0,9416986015.0,269337278873.0,6110757882391,5896563984.0,,,,,0.0,,,163137604131,,5783495559436,,,,10294920767.0,183586983688.0,,,,,1945827232816.0,,275802112053.0,,,3147460100076,,339797679408.0,,,449008590000.0,,,,,,,448593186122.0,92215128365.0,1171113674654.0,449008590000.0,199545007737.0,352495132427.0,62878246900.0,3492111080000,7608570749007,24775145617.0,2012-Q1,,,-67238738815,,,,27840010801.0,-12634155460.0,10375940452.0,,2257862350000.0,280227066287.0,76587285409,3816879319191.0,20000000000.0,,,5555309687051,,69742599574.0,459231204812,831948006032,1948154712321,,4540288560961,129949178417.0,11895550054.0,16863781645077,16863781645077,20000000000.0,-150970558021.0,1734334034171.0,,64274916879,944662917701.0
