date,close,predicted,predicted_name,actual,actual_name,prob_bear,prob_neutral,prob_bull,correct
2022-01-24,64.52,1,Neutral,0.0,Bear,0.4171,0.4357,0.1473,False
2022-01-25,63.08,2,Bull,2.0,Bull,0.29,0.3111,0.399,True
2022-01-26,63.48,1,Neutral,2.0,Bull,0.3173,0.4849,0.1978,False
2022-01-27,66.19,1,Neutral,1.0,Neutral,0.3623,0.4875,0.1502,True
2022-01-28,66.19,1,Neutral,1.0,Neutral,0.3484,0.5436,0.108,True
2022-02-07,66.51,1,Neutral,0.0,Bear,0.3337,0.5518,0.1145,False
2022-02-08,65.31,2,Bull,2.0,Bull,0.2305,0.2643,0.5053,True
2022-02-09,65.95,1,Neutral,1.0,Neutral,0.2542,0.6382,0.1076,True
2022-02-10,65.87,1,Neutral,0.0,Bear,0.3774,0.4963,0.1263,False
2022-02-11,65.31,1,Neutral,0.0,Bear,0.3493,0.5278,0.123,False
2022-02-14,64.6,1,Neutral,1.0,Neutral,0.3056,0.5339,0.1605,True
2022-02-15,64.68,1,Neutral,0.0,Bear,0.395,0.4298,0.1752,False
2022-02-16,64.04,1,Neutral,1.0,Neutral,0.3279,0.5458,0.1263,True
2022-02-17,64.36,1,Neutral,1.0,Neutral,0.3739,0.503,0.1232,True
2022-02-18,64.2,1,Neutral,1.0,Neutral,0.377,0.4836,0.1394,True
2022-02-21,64.52,0,Bear,0.0,Bear,0.4453,0.3771,0.1776,True
2022-02-22,63.72,1,Neutral,1.0,Neutral,0.3328,0.509,0.1582,True
2022-02-23,63.72,1,Neutral,0.0,Bear,0.3023,0.5225,0.1751,False
2022-02-24,62.61,1,Neutral,1.0,Neutral,0.3228,0.3631,0.3141,True
2022-02-25,62.84,1,Neutral,0.0,Bear,0.386,0.409,0.205,False
2022-02-28,62.45,0,Bear,2.0,Bull,0.4796,0.26,0.2604,False
2022-03-01,63.08,1,Neutral,0.0,Bear,0.3618,0.4277,0.2105,False
2022-03-02,62.53,1,Neutral,1.0,Neutral,0.3865,0.4463,0.1672,True
2022-03-03,62.45,1,Neutral,0.0,Bear,0.3165,0.5114,0.1721,False
2022-03-04,62.05,0,Bear,0.0,Bear,0.5851,0.2176,0.1972,True
2022-03-07,61.17,0,Bear,0.0,Bear,0.6447,0.1699,0.1853,True
2022-03-08,60.61,0,Bear,0.0,Bear,0.4271,0.3646,0.2083,True
2022-03-09,59.82,1,Neutral,2.0,Bull,0.2581,0.4059,0.336,False
2022-03-10,61.41,0,Bear,2.0,Bull,0.3572,0.3087,0.3342,False
2022-03-11,62.13,0,Bear,0.0,Bear,0.3925,0.2205,0.387,True
2022-03-14,61.49,1,Neutral,1.0,Neutral,0.3133,0.4687,0.218,True
2022-03-15,61.49,2,Bull,1.0,Neutral,0.3289,0.2631,0.408,False
2022-03-16,61.57,0,Bear,0.0,Bear,0.3571,0.3042,0.3387,True
2022-03-17,60.85,2,Bull,0.0,Bear,0.3892,0.2109,0.3999,False
2022-03-18,60.53,2,Bull,2.0,Bull,0.4049,0.1548,0.4404,True
2022-03-21,61.81,0,Bear,0.0,Bear,0.5597,0.1987,0.2415,True
2022-03-22,61.25,0,Bear,0.0,Bear,0.3805,0.2481,0.3714,True
2022-03-23,60.61,2,Bull,0.0,Bear,0.2657,0.2353,0.499,False
2022-03-24,60.22,0,Bear,0.0,Bear,0.5029,0.1588,0.3383,True
2022-03-25,59.9,0,Bear,0.0,Bear,0.5522,0.2349,0.2129,True
2022-03-28,58.46,2,Bull,2.0,Bull,0.2795,0.1587,0.5618,True
2022-03-29,60.14,2,Bull,2.0,Bull,0.2726,0.2535,0.4739,True
2022-03-30,60.69,0,Bear,2.0,Bull,0.4653,0.1282,0.4064,False
2022-03-31,64.44,2,Bull,2.0,Bull,0.2502,0.1601,0.5897,True
2022-04-01,65.08,2,Bull,2.0,Bull,0.3023,0.1205,0.5772,True
2022-04-04,65.47,0,Bear,0.0,Bear,0.5357,0.1499,0.3143,True
2022-04-05,64.04,0,Bear,0.0,Bear,0.4868,0.1731,0.3401,True
2022-04-06,63.16,0,Bear,0.0,Bear,0.5695,0.1334,0.2971,True
2022-04-07,62.53,2,Bull,0.0,Bear,0.3792,0.0987,0.5221,False
2022-04-08,61.57,0,Bear,0.0,Bear,0.4319,0.1451,0.423,True
2022-04-12,61.17,2,Bull,2.0,Bull,0.3656,0.1237,0.5107,True
2022-04-13,61.49,2,Bull,0.0,Bear,0.4061,0.1024,0.4915,False
2022-04-14,60.77,2,Bull,1.0,Neutral,0.3274,0.1689,0.5037,False
2022-04-15,60.93,2,Bull,2.0,Bull,0.358,0.0989,0.5431,True
2022-04-18,61.33,0,Bear,0.0,Bear,0.504,0.114,0.382,True
2022-04-19,60.53,0,Bear,0.0,Bear,0.5529,0.1382,0.3089,True
2022-04-20,60.22,2,Bull,0.0,Bear,0.3929,0.0865,0.5206,False
2022-04-21,59.74,2,Bull,2.0,Bull,0.1999,0.1828,0.6173,True
2022-04-22,60.46,0,Bear,0.0,Bear,0.4569,0.1708,0.3723,True
2022-04-25,58.54,2,Bull,2.0,Bull,0.2948,0.1915,0.5138,True
2022-04-26,60.46,0,Bear,0.0,Bear,0.4176,0.1926,0.3898,True
2022-04-27,59.74,0,Bear,0.0,Bear,0.4359,0.3069,0.2572,True
2022-04-28,59.18,2,Bull,1.0,Neutral,0.2467,0.3117,0.4416,False
2022-04-29,59.1,0,Bear,0.0,Bear,0.5517,0.1341,0.3142,True
2022-05-04,57.75,0,Bear,0.0,Bear,0.5517,0.1691,0.2792,True
2022-05-05,57.43,0,Bear,0.0,Bear,0.5241,0.2289,0.247,True
2022-05-06,55.92,0,Bear,1.0,Neutral,0.4994,0.1294,0.3712,False
2022-05-09,55.76,2,Bull,2.0,Bull,0.3368,0.2986,0.3646,True
2022-05-10,56.23,0,Bear,0.0,Bear,0.5703,0.2327,0.197,True
2022-05-11,55.36,0,Bear,0.0,Bear,0.6351,0.1373,0.2277,True
2022-05-12,52.97,0,Bear,0.0,Bear,0.578,0.1683,0.2538,True
2022-05-13,52.65,0,Bear,1.0,Neutral,0.4479,0.2457,0.3064,False
2022-05-16,52.41,0,Bear,2.0,Bull,0.5576,0.1443,0.2981,False
2022-05-17,55.76,1,Neutral,1.0,Neutral,0.2985,0.4612,0.2403,True
2022-05-18,55.99,0,Bear,0.0,Bear,0.5516,0.1128,0.3356,True
2022-05-19,54.96,0,Bear,0.0,Bear,0.6248,0.1182,0.257,True
2022-05-20,54.24,0,Bear,0.0,Bear,0.5257,0.2115,0.2628,True
2022-05-23,52.81,2,Bull,2.0,Bull,0.31,0.1208,0.5692,True
2022-05-24,54.88,0,Bear,2.0,Bull,0.454,0.1281,0.418,False
2022-05-25,57.27,1,Neutral,0.0,Bear,0.3335,0.3527,0.3138,False
2022-05-26,56.79,2,Bull,2.0,Bull,0.3468,0.2383,0.4149,True
2022-05-27,58.15,0,Bear,0.0,Bear,0.4978,0.0957,0.4064,True
2022-05-30,57.75,0,Bear,0.0,Bear,0.5219,0.1705,0.3076,True
2022-05-31,57.11,1,Neutral,1.0,Neutral,0.2686,0.4228,0.3085,True
2022-06-01,57.27,0,Bear,0.0,Bear,0.59,0.229,0.181,True
2022-06-02,56.63,0,Bear,0.0,Bear,0.4132,0.2484,0.3384,True
2022-06-03,55.99,2,Bull,2.0,Bull,0.2256,0.251,0.5233,True
2022-06-06,56.39,2,Bull,1.0,Neutral,0.2401,0.3309,0.429,False
2022-06-07,56.23,2,Bull,2.0,Bull,0.2397,0.1469,0.6134,True
2022-06-08,56.55,0,Bear,0.0,Bear,0.5975,0.1385,0.264,True
2022-06-09,55.92,0,Bear,0.0,Bear,0.5463,0.2022,0.2515,True
2022-06-10,55.36,2,Bull,0.0,Bear,0.2834,0.2205,0.4961,False
2022-06-13,52.89,2,Bull,1.0,Neutral,0.1682,0.41,0.4218,False
2022-06-14,52.65,0,Bear,0.0,Bear,0.5415,0.2656,0.1929,True
2022-06-15,51.38,2,Bull,2.0,Bull,0.4285,0.1227,0.4488,True
2022-06-16,54.16,0,Bear,0.0,Bear,0.5611,0.2746,0.1643,True
2022-06-17,53.13,2,Bull,2.0,Bull,0.244,0.1919,0.5641,True
2022-06-20,54.96,2,Bull,2.0,Bull,0.2744,0.1346,0.591,True
2022-06-21,58.7,2,Bull,0.0,Bear,0.3879,0.1753,0.4368,False
2022-06-22,56.23,1,Neutral,1.0,Neutral,0.2115,0.4499,0.3386,True
2022-06-23,56.31,1,Neutral,2.0,Bull,0.2982,0.4039,0.2978,False
2022-06-24,56.95,0,Bear,0.0,Bear,0.5596,0.1844,0.256,True
2022-06-27,56.63,1,Neutral,1.0,Neutral,0.159,0.4534,0.3876,True
2022-06-28,56.39,2,Bull,2.0,Bull,0.3389,0.1261,0.535,True
2022-06-29,57.59,2,Bull,1.0,Neutral,0.3725,0.2504,0.3772,False
2022-06-30,57.51,2,Bull,2.0,Bull,0.2484,0.1639,0.5876,True
2022-07-01,58.7,2,Bull,2.0,Bull,0.3455,0.1636,0.4909,True
2022-07-04,59.82,2,Bull,0.0,Bear,0.3696,0.1669,0.4635,False
2022-07-05,58.23,1,Neutral,1.0,Neutral,0.2095,0.5287,0.2618,True
2022-07-06,58.27,2,Bull,2.0,Bull,0.3612,0.2334,0.4054,True
2022-07-07,60.16,1,Neutral,1.0,Neutral,0.3609,0.4528,0.1863,True
2022-07-08,60.16,1,Neutral,1.0,Neutral,0.3264,0.4217,0.2519,True
2022-07-11,60.16,0,Bear,1.0,Neutral,0.4274,0.2837,0.2889,False
2022-07-12,60.41,1,Neutral,0.0,Bear,0.2495,0.4775,0.273,False
2022-07-13,59.75,1,Neutral,1.0,Neutral,0.1917,0.5447,0.2635,True
2022-07-14,59.67,0,Bear,0.0,Bear,0.459,0.1829,0.3581,True
2022-07-15,59.01,1,Neutral,1.0,Neutral,0.236,0.4882,0.2759,True
2022-07-18,59.09,2,Bull,2.0,Bull,0.2278,0.383,0.3892,True
2022-07-19,60.0,1,Neutral,1.0,Neutral,0.1956,0.5011,0.3033,True
2022-07-20,60.16,1,Neutral,1.0,Neutral,0.301,0.4722,0.2268,True
2022-07-21,60.33,1,Neutral,0.0,Bear,0.3473,0.3666,0.2861,False
2022-07-22,59.34,2,Bull,2.0,Bull,0.3263,0.237,0.4367,True
2022-07-25,60.08,0,Bear,0.0,Bear,0.4383,0.3053,0.2564,True
2022-07-26,59.34,1,Neutral,1.0,Neutral,0.1845,0.6027,0.2128,True
2022-07-27,59.5,2,Bull,2.0,Bull,0.2107,0.2093,0.58,True
2022-07-28,59.83,1,Neutral,1.0,Neutral,0.2687,0.5827,0.1486,True
2022-07-29,60.0,2,Bull,2.0,Bull,0.346,0.1576,0.4964,True
2022-08-01,60.57,1,Neutral,1.0,Neutral,0.2344,0.596,0.1695,True
2022-08-02,60.49,1,Neutral,1.0,Neutral,0.1977,0.6119,0.1904,True
2022-08-03,60.49,1,Neutral,1.0,Neutral,0.2297,0.5806,0.1897,True
2022-08-04,60.41,0,Bear,0.0,Bear,0.3823,0.3041,0.3136,True
2022-08-05,59.83,1,Neutral,0.0,Bear,0.2863,0.492,0.2217,False
2022-08-08,59.5,1,Neutral,1.0,Neutral,0.1732,0.6988,0.1279,True
2022-08-09,59.34,2,Bull,2.0,Bull,0.1355,0.206,0.6585,True
2022-08-10,59.75,2,Bull,0.0,Bear,0.3703,0.1566,0.4731,False
2022-08-11,58.6,2,Bull,2.0,Bull,0.2291,0.1682,0.6027,True
2022-08-12,59.25,2,Bull,0.0,Bear,0.3298,0.3224,0.3478,False
2022-08-15,58.92,1,Neutral,1.0,Neutral,0.1483,0.5169,0.3348,True
2022-08-16,59.17,2,Bull,2.0,Bull,0.1842,0.1714,0.6444,True
2022-08-17,59.83,2,Bull,2.0,Bull,0.1937,0.1084,0.6979,True
2022-08-18,60.49,2,Bull,2.0,Bull,0.1884,0.1373,0.6744,True
2022-08-19,61.07,0,Bear,0.0,Bear,0.5268,0.1955,0.2776,True
2022-08-22,60.74,2,Bull,2.0,Bull,0.217,0.1512,0.6318,True
2022-08-23,62.47,2,Bull,2.0,Bull,0.2648,0.2474,0.4878,True
2022-08-24,64.03,2,Bull,1.0,Neutral,0.2812,0.2695,0.4493,False
2022-08-25,64.2,2,Bull,0.0,Bear,0.2949,0.1451,0.56,False
2022-08-26,63.37,2,Bull,0.0,Bear,0.3084,0.2802,0.4114,False
2022-08-29,62.22,2,Bull,2.0,Bull,0.2732,0.16,0.5668,True
2022-08-30,62.63,0,Bear,0.0,Bear,0.3777,0.2719,0.3504,True
2022-08-31,62.22,2,Bull,2.0,Bull,0.3434,0.2016,0.455,True
2022-09-05,63.87,1,Neutral,1.0,Neutral,0.322,0.3757,0.3024,True
2022-09-06,64.12,0,Bear,0.0,Bear,0.4094,0.2565,0.3341,True
2022-09-07,62.39,1,Neutral,1.0,Neutral,0.1907,0.6436,0.1657,True
2022-09-08,62.39,1,Neutral,1.0,Neutral,0.188,0.5688,0.2432,True
2022-09-09,62.55,2,Bull,0.0,Bear,0.2607,0.3508,0.3885,False
2022-09-12,62.06,2,Bull,2.0,Bull,0.1599,0.1335,0.7066,True
2022-09-13,62.39,0,Bear,0.0,Bear,0.4614,0.198,0.3406,True
2022-09-14,60.98,2,Bull,2.0,Bull,0.3222,0.1722,0.5056,True
2022-09-15,61.4,2,Bull,2.0,Bull,0.1899,0.0873,0.7228,True
2022-09-16,62.63,2,Bull,0.0,Bear,0.4262,0.1392,0.4346,False
2022-09-19,61.97,2,Bull,2.0,Bull,0.3554,0.2257,0.4189,True
2022-09-20,62.47,2,Bull,2.0,Bull,0.329,0.1878,0.4832,True
2022-09-21,63.37,1,Neutral,1.0,Neutral,0.2762,0.4329,0.2909,True
2022-09-22,63.37,1,Neutral,1.0,Neutral,0.3658,0.4579,0.1763,True
2022-09-23,63.21,0,Bear,0.0,Bear,0.463,0.2826,0.2544,True
2022-09-26,60.98,0,Bear,0.0,Bear,0.4648,0.2102,0.325,True
2022-09-27,59.67,0,Bear,0.0,Bear,0.461,0.2918,0.2472,True
2022-09-28,59.17,0,Bear,2.0,Bull,0.3995,0.2063,0.3942,False
2022-09-29,59.91,0,Bear,0.0,Bear,0.4983,0.178,0.3237,True
2022-09-30,59.58,0,Bear,0.0,Bear,0.4658,0.2543,0.2799,True
2022-10-03,58.51,0,Bear,1.0,Neutral,0.4057,0.3195,0.2748,False
2022-10-04,58.43,2,Bull,2.0,Bull,0.2118,0.3044,0.4838,True
2022-10-05,59.01,0,Bear,0.0,Bear,0.5452,0.2645,0.1902,True
2022-10-06,57.69,2,Bull,1.0,Neutral,0.3345,0.2555,0.41,False
2022-10-07,57.52,2,Bull,2.0,Bull,0.3527,0.1578,0.4896,True
2022-10-10,58.1,1,Neutral,1.0,Neutral,0.2121,0.4833,0.3045,True
2022-10-11,57.85,0,Bear,2.0,Bull,0.366,0.2891,0.3449,False
2022-10-12,59.01,2,Bull,2.0,Bull,0.1912,0.2818,0.527,True
2022-10-13,60.82,1,Neutral,1.0,Neutral,0.2674,0.5142,0.2184,True
2022-10-14,60.98,1,Neutral,1.0,Neutral,0.2257,0.4756,0.2987,True
2022-10-17,61.07,2,Bull,2.0,Bull,0.26,0.3591,0.3809,True
2022-10-18,63.05,1,Neutral,1.0,Neutral,0.1924,0.561,0.2466,True
2022-10-19,63.13,2,Bull,2.0,Bull,0.1949,0.2312,0.574,True
2022-10-20,63.87,2,Bull,0.0,Bear,0.3892,0.2006,0.4102,False
2022-10-21,63.46,0,Bear,0.0,Bear,0.6214,0.21,0.1687,True
2022-10-24,60.98,2,Bull,2.0,Bull,0.2532,0.2465,0.5003,True
2022-10-25,62.63,1,Neutral,1.0,Neutral,0.2427,0.4751,0.2823,True
2022-10-26,62.63,2,Bull,2.0,Bull,0.2417,0.2005,0.5578,True
2022-10-27,64.69,0,Bear,0.0,Bear,0.4423,0.1505,0.4072,True
2022-10-28,64.28,2,Bull,2.0,Bull,0.2267,0.0951,0.6782,True
2022-10-31,64.69,2,Bull,2.0,Bull,0.2853,0.1771,0.5376,True
2022-11-01,66.09,2,Bull,0.0,Bear,0.3643,0.1533,0.4824,False
2022-11-02,64.53,2,Bull,2.0,Bull,0.1444,0.2088,0.6468,True
2022-11-03,65.93,2,Bull,1.0,Neutral,0.1554,0.3196,0.525,False
2022-11-04,65.93,2,Bull,2.0,Bull,0.2069,0.2299,0.5632,True
2022-11-07,67.74,1,Neutral,1.0,Neutral,0.3265,0.3736,0.2999,True
2022-11-08,67.91,0,Bear,0.0,Bear,0.4487,0.1129,0.4384,True
2022-11-09,66.67,2,Bull,0.0,Bear,0.1668,0.3563,0.477,False
2022-11-10,64.61,0,Bear,1.0,Neutral,0.3691,0.3577,0.2732,False
2022-11-11,64.61,2,Bull,2.0,Bull,0.3324,0.1825,0.4851,True
2022-11-14,65.11,0,Bear,0.0,Bear,0.5171,0.1831,0.2998,True
2022-11-15,63.46,0,Bear,0.0,Bear,0.681,0.1907,0.1284,True
2022-11-16,61.4,2,Bull,2.0,Bull,0.1683,0.2901,0.5416,True
2022-11-17,62.63,2,Bull,2.0,Bull,0.2443,0.2333,0.5224,True
2022-11-18,63.46,2,Bull,2.0,Bull,0.277,0.121,0.602,True
2022-11-21,64.2,2,Bull,2.0,Bull,0.2444,0.1337,0.6219,True
2022-11-22,65.52,0,Bear,1.0,Neutral,0.4178,0.1974,0.3848,False
2022-11-23,65.44,2,Bull,2.0,Bull,0.2301,0.1686,0.6013,True
2022-11-24,66.92,2,Bull,2.0,Bull,0.3403,0.131,0.5287,True
2022-11-25,67.74,0,Bear,0.0,Bear,0.5664,0.2668,0.1668,True
2022-11-28,67.33,2,Bull,2.0,Bull,0.3331,0.1409,0.526,True
2022-11-29,68.4,1,Neutral,1.0,Neutral,0.2936,0.3775,0.3289,True
2022-11-30,68.24,2,Bull,1.0,Neutral,0.4013,0.1861,0.4126,False
2022-12-01,67.91,2,Bull,2.0,Bull,0.3255,0.1699,0.5047,True
2022-12-02,69.23,2,Bull,2.0,Bull,0.2011,0.1895,0.6095,True
2022-12-05,70.05,0,Bear,0.0,Bear,0.5168,0.3223,0.1609,True
2022-12-06,67.99,1,Neutral,1.0,Neutral,0.3584,0.4109,0.2307,True
2022-12-07,67.99,0,Bear,0.0,Bear,0.4809,0.188,0.3312,True
2022-12-08,66.75,2,Bull,0.0,Bear,0.3443,0.1993,0.4564,False
2022-12-09,65.93,0,Bear,0.0,Bear,0.7484,0.1109,0.1407,True
2022-12-12,64.69,0,Bear,0.0,Bear,0.6395,0.2215,0.139,True
2022-12-13,64.28,0,Bear,0.0,Bear,0.5392,0.15,0.3109,True
2022-12-14,63.87,0,Bear,1.0,Neutral,0.4674,0.3145,0.2181,False
2022-12-15,63.95,2,Bull,2.0,Bull,0.2621,0.297,0.4409,True
2022-12-16,64.28,0,Bear,0.0,Bear,0.5769,0.1591,0.264,True
2022-12-19,63.46,2,Bull,2.0,Bull,0.3974,0.1248,0.4779,True
2022-12-20,64.86,2,Bull,2.0,Bull,0.2834,0.3034,0.4132,True
2022-12-21,65.68,0,Bear,0.0,Bear,0.3726,0.3471,0.2803,True
2022-12-22,64.59,0,Bear,0.0,Bear,0.4569,0.3452,0.1979,True
2022-12-23,63.92,1,Neutral,1.0,Neutral,0.3265,0.3995,0.274,True
2022-12-26,63.76,2,Bull,2.0,Bull,0.3363,0.2316,0.4321,True
2022-12-27,64.26,2,Bull,2.0,Bull,0.2277,0.3035,0.4688,True
2022-12-28,64.59,1,Neutral,1.0,Neutral,0.2212,0.4733,0.3055,True
2022-12-29,64.59,0,Bear,0.0,Bear,0.6088,0.1888,0.2024,True
2022-12-30,63.84,2,Bull,2.0,Bull,0.2432,0.1461,0.6107,True
2023-01-03,65.85,2,Bull,2.0,Bull,0.2362,0.3222,0.4416,True
2023-01-04,66.52,2,Bull,2.0,Bull,0.2237,0.3708,0.4056,True
2023-01-05,68.12,0,Bear,0.0,Bear,0.5907,0.2298,0.1795,True
2023-01-06,66.94,0,Bear,2.0,Bull,0.4662,0.1198,0.414,False
2023-01-09,67.7,0,Bear,1.0,Neutral,0.4613,0.3769,0.1618,False
2023-01-10,67.95,0,Bear,0.0,Bear,0.5272,0.1901,0.2826,True
2023-01-11,66.61,2,Bull,2.0,Bull,0.3877,0.1283,0.4839,True
2023-01-12,67.11,2,Bull,2.0,Bull,0.3507,0.2489,0.4005,True
2023-01-13,67.61,0,Bear,0.0,Bear,0.6846,0.0988,0.2166,True
2023-01-16,66.61,0,Bear,2.0,Bull,0.4746,0.1697,0.3557,False
2023-01-17,67.87,2,Bull,1.0,Neutral,0.34,0.2282,0.4318,False
2023-01-18,68.2,0,Bear,1.0,Neutral,0.3867,0.3526,0.2607,False
2023-01-19,68.2,0,Bear,0.0,Bear,0.5305,0.2093,0.2602,True
2023-01-27,67.11,0,Bear,0.0,Bear,0.6416,0.124,0.2344,True
2023-01-30,66.61,0,Bear,0.0,Bear,0.5846,0.1512,0.2642,True
2023-01-31,64.68,2,Bull,1.0,Neutral,0.336,0.2739,0.39,False
2023-02-01,64.76,0,Bear,0.0,Bear,0.4775,0.0996,0.4229,True
2023-02-02,64.34,0,Bear,0.0,Bear,0.6069,0.1119,0.2813,True
2023-02-03,63.76,2,Bull,2.0,Bull,0.2776,0.1465,0.5759,True
2023-02-06,64.93,2,Bull,0.0,Bear,0.3841,0.0941,0.5218,False
2023-02-07,63.84,2,Bull,1.0,Neutral,0.3339,0.2718,0.3942,False
2023-02-08,63.59,0,Bear,0.0,Bear,0.639,0.1533,0.2077,True
2023-02-09,62.92,2,Bull,2.0,Bull,0.3222,0.1124,0.5655,True
2023-02-10,63.67,2,Bull,0.0,Bear,0.3321,0.087,0.5809,False
2023-02-13,63.17,1,Neutral,0.0,Bear,0.3827,0.3966,0.2207,False
2023-02-14,62.66,2,Bull,2.0,Bull,0.3527,0.1402,0.5071,True
2023-02-15,63.76,2,Bull,2.0,Bull,0.3749,0.2189,0.4062,True
2023-02-16,64.17,2,Bull,0.0,Bear,0.3229,0.1588,0.5183,False
2023-02-17,63.76,1,Neutral,2.0,Bull,0.2126,0.4093,0.3781,False
2023-02-20,65.01,0,Bear,1.0,Neutral,0.3608,0.3546,0.2846,False
2023-02-21,64.76,0,Bear,0.0,Bear,0.6683,0.1063,0.2254,True
2023-02-22,63.34,1,Neutral,1.0,Neutral,0.2861,0.4554,0.2585,True
2023-02-23,63.5,0,Bear,0.0,Bear,0.4924,0.2492,0.2584,True
2023-02-24,62.66,0,Bear,2.0,Bull,0.4701,0.1096,0.4204,False
2023-02-27,63.08,1,Neutral,1.0,Neutral,0.3201,0.4052,0.2747,True
2023-02-28,63.34,0,Bear,2.0,Bull,0.4556,0.2103,0.3341,False
2023-03-01,64.51,0,Bear,0.0,Bear,0.4422,0.3385,0.2193,True
2023-03-02,64.17,0,Bear,0.0,Bear,0.4533,0.2721,0.2746,True
2023-03-03,63.76,0,Bear,0.0,Bear,0.6252,0.1214,0.2534,True
2023-03-06,62.92,2,Bull,2.0,Bull,0.27,0.1731,0.5569,True
2023-03-07,63.59,2,Bull,2.0,Bull,0.3266,0.1282,0.5452,True
2023-03-08,64.17,0,Bear,1.0,Neutral,0.5499,0.1715,0.2786,False
2023-03-09,64.17,2,Bull,2.0,Bull,0.3874,0.2167,0.3959,True
2023-03-10,64.51,1,Neutral,1.0,Neutral,0.2612,0.4908,0.248,True
2023-03-13,64.51,0,Bear,1.0,Neutral,0.4131,0.3454,0.2415,False
2023-03-14,64.26,1,Neutral,2.0,Bull,0.3077,0.4312,0.2611,False
2023-03-15,64.68,1,Neutral,0.0,Bear,0.2914,0.4128,0.2958,False
2023-03-16,64.09,1,Neutral,0.0,Bear,0.364,0.4549,0.1811,False
2023-03-17,62.5,1,Neutral,1.0,Neutral,0.1944,0.6009,0.2047,True
2023-03-20,62.33,1,Neutral,1.0,Neutral,0.189,0.6236,0.1874,True
2023-03-21,62.41,1,Neutral,1.0,Neutral,0.3856,0.4748,0.1396,True
2023-03-22,62.41,1,Neutral,2.0,Bull,0.2361,0.5162,0.2478,False
2023-03-23,63.17,1,Neutral,1.0,Neutral,0.2368,0.5219,0.2414,True
2023-03-24,62.92,1,Neutral,0.0,Bear,0.3152,0.4849,0.1999,False
2023-03-27,62.58,1,Neutral,1.0,Neutral,0.2674,0.5515,0.1811,True
2023-03-28,62.41,1,Neutral,2.0,Bull,0.2653,0.5066,0.2282,False
2023-03-29,62.83,1,Neutral,1.0,Neutral,0.336,0.5145,0.1496,True
2023-03-30,62.92,0,Bear,0.0,Bear,0.4838,0.3912,0.125,True
2023-03-31,62.41,1,Neutral,1.0,Neutral,0.2954,0.5522,0.1524,True
2023-04-03,62.41,1,Neutral,1.0,Neutral,0.3357,0.4211,0.2432,True
2023-04-04,62.25,1,Neutral,1.0,Neutral,0.2779,0.407,0.3151,True
2023-04-05,62.5,1,Neutral,1.0,Neutral,0.2954,0.4243,0.2803,True
2023-04-06,62.33,0,Bear,2.0,Bull,0.5081,0.1547,0.3372,False
2023-04-07,62.66,1,Neutral,1.0,Neutral,0.3576,0.425,0.2175,True
2023-04-10,62.41,1,Neutral,1.0,Neutral,0.2851,0.4429,0.272,True
2023-04-11,62.41,1,Neutral,1.0,Neutral,0.391,0.4129,0.1962,True
2023-04-12,62.33,0,Bear,0.0,Bear,0.4762,0.1342,0.3896,True
2023-04-13,61.66,1,Neutral,0.0,Bear,0.3283,0.4141,0.2577,False
2023-04-14,61.07,0,Bear,0.0,Bear,0.4833,0.2227,0.2941,True
2023-04-17,60.15,2,Bull,2.0,Bull,0.3248,0.223,0.4522,True
2023-04-18,61.24,0,Bear,0.0,Bear,0.5055,0.1818,0.3127,True
2023-04-19,60.4,0,Bear,1.0,Neutral,0.3744,0.3687,0.257,False
2023-04-20,60.32,0,Bear,0.0,Bear,0.5457,0.1858,0.2685,True
2023-04-21,59.48,0,Bear,0.0,Bear,0.4977,0.1988,0.3035,True
2023-04-24,59.14,0,Bear,0.0,Bear,0.5151,0.2105,0.2743,True
2023-04-25,58.64,0,Bear,2.0,Bull,0.4251,0.2153,0.3596,False
2023-04-26,59.56,0,Bear,0.0,Bear,0.4887,0.2433,0.268,True
2023-04-27,58.3,1,Neutral,2.0,Bull,0.2585,0.3986,0.3429,False
2023-04-28,58.72,0,Bear,0.0,Bear,0.4906,0.3204,0.189,True
2023-05-04,57.55,1,Neutral,1.0,Neutral,0.2489,0.4832,0.2679,True
2023-05-05,57.72,0,Bear,2.0,Bull,0.4999,0.2161,0.2839,False
2023-05-08,59.06,1,Neutral,1.0,Neutral,0.2624,0.4974,0.2402,True
2023-05-09,59.31,1,Neutral,1.0,Neutral,0.2741,0.5543,0.1715,True
2023-05-10,59.14,0,Bear,0.0,Bear,0.4747,0.2306,0.2946,True
2023-05-11,58.72,1,Neutral,0.0,Bear,0.3607,0.4963,0.1429,False
2023-05-12,58.39,1,Neutral,0.0,Bear,0.3433,0.4902,0.1664,False
2023-05-15,57.88,2,Bull,2.0,Bull,0.2384,0.3754,0.3862,True
2023-05-16,58.47,1,Neutral,0.0,Bear,0.3208,0.4545,0.2247,False
2023-05-17,57.88,0,Bear,1.0,Neutral,0.5511,0.2769,0.172,False
2023-05-18,58.05,0,Bear,0.0,Bear,0.5519,0.1786,0.2695,True
2023-05-19,57.55,0,Bear,0.0,Bear,0.582,0.1324,0.2856,True
2023-05-22,57.21,0,Bear,0.0,Bear,0.6101,0.1536,0.2364,True
2023-05-23,56.21,0,Bear,0.0,Bear,0.506,0.222,0.272,True
2023-05-24,55.62,2,Bull,2.0,Bull,0.3096,0.2869,0.4035,True
2023-05-25,56.29,1,Neutral,1.0,Neutral,0.2936,0.5338,0.1725,True
2023-05-26,56.29,1,Neutral,1.0,Neutral,0.2039,0.653,0.1431,True
2023-05-29,56.29,2,Bull,0.0,Bear,0.329,0.3194,0.3516,False
2023-05-30,55.79,0,Bear,0.0,Bear,0.5125,0.3082,0.1793,True
2023-05-31,55.45,1,Neutral,1.0,Neutral,0.2716,0.5755,0.1529,True
2023-06-01,55.45,1,Neutral,1.0,Neutral,0.2811,0.5734,0.1455,True
2023-06-02,55.28,2,Bull,2.0,Bull,0.2196,0.3889,0.3915,True
2023-06-05,55.79,1,Neutral,1.0,Neutral,0.2945,0.586,0.1195,True
2023-06-06,55.7,1,Neutral,1.0,Neutral,0.2974,0.3977,0.3049,True
2023-06-07,55.53,0,Bear,0.0,Bear,0.3818,0.3804,0.2378,True
2023-06-08,54.95,1,Neutral,1.0,Neutral,0.3116,0.5248,0.1636,True
2023-06-09,55.2,2,Bull,2.0,Bull,0.3138,0.3246,0.3616,True
2023-06-12,56.96,2,Bull,1.0,Neutral,0.2597,0.3675,0.3727,False
2023-06-13,56.71,0,Bear,0.0,Bear,0.4629,0.2007,0.3363,True
2023-06-14,56.29,0,Bear,0.0,Bear,0.5208,0.2255,0.2537,True
2023-06-15,55.62,0,Bear,1.0,Neutral,0.5219,0.2563,0.2218,False
2023-06-16,55.45,1,Neutral,1.0,Neutral,0.1873,0.6437,0.169,True
2023-06-19,55.2,1,Neutral,1.0,Neutral,0.2626,0.5665,0.1709,True
2023-06-20,54.95,2,Bull,2.0,Bull,0.2117,0.1199,0.6684,True
2023-06-21,55.62,2,Bull,2.0,Bull,0.2318,0.2256,0.5426,True
2023-06-22,56.12,2,Bull,2.0,Bull,0.2645,0.1725,0.563,True
2023-06-23,57.97,1,Neutral,2.0,Bull,0.1948,0.5114,0.2938,False
2023-06-26,59.23,1,Neutral,1.0,Neutral,0.2454,0.5863,0.1684,True
2023-06-27,59.14,1,Neutral,1.0,Neutral,0.2406,0.6399,0.1195,True
2023-06-28,59.23,2,Bull,2.0,Bull,0.2137,0.2739,0.5124,True
2023-06-29,60.32,2,Bull,0.0,Bear,0.2577,0.3414,0.4009,False
2023-06-30,59.56,1,Neutral,1.0,Neutral,0.1593,0.6662,0.1744,True
2023-07-03,59.31,1,Neutral,1.0,Neutral,0.2851,0.6239,0.0909,True
2023-07-04,59.23,2,Bull,0.0,Bear,0.3676,0.2013,0.4311,False
2023-07-05,58.55,2,Bull,2.0,Bull,0.2222,0.3265,0.4513,True
2023-07-06,59.14,2,Bull,2.0,Bull,0.2093,0.1846,0.6061,True
2023-07-07,59.48,2,Bull,2.0,Bull,0.2595,0.1458,0.5947,True
2023-07-10,60.48,2,Bull,2.0,Bull,0.2562,0.1661,0.5777,True
2023-07-11,61.07,2,Bull,2.0,Bull,0.1869,0.2861,0.527,True
2023-07-12,61.66,2,Bull,0.0,Bear,0.2655,0.3498,0.3848,False
2023-07-13,61.32,1,Neutral,1.0,Neutral,0.1818,0.6135,0.2047,True
2023-07-14,61.49,0,Bear,0.0,Bear,0.3773,0.3093,0.3134,True
2023-07-17,60.65,1,Neutral,1.0,Neutral,0.1812,0.7005,0.1183,True
2023-07-18,60.74,2,Bull,1.0,Neutral,0.2085,0.3822,0.4093,False
2023-07-19,60.9,1,Neutral,1.0,Neutral,0.1186,0.7268,0.1546,True
2023-07-20,60.9,1,Neutral,2.0,Bull,0.1483,0.4314,0.4202,False
2023-07-21,61.66,1,Neutral,1.0,Neutral,0.1509,0.6461,0.203,True
2023-07-24,61.74,2,Bull,2.0,Bull,0.2104,0.3375,0.4521,True
2023-07-25,62.5,2,Bull,2.0,Bull,0.1524,0.2235,0.6241,True
2023-07-26,62.92,2,Bull,2.0,Bull,0.2257,0.2165,0.5578,True
2023-07-27,63.5,2,Bull,2.0,Bull,0.1369,0.1516,0.7115,True
2023-07-28,64.93,2,Bull,2.0,Bull,0.2708,0.3049,0.4243,True
2023-07-31,65.43,0,Bear,0.0,Bear,0.3632,0.3563,0.2806,True
2023-08-01,63.76,0,Bear,1.0,Neutral,0.3989,0.3714,0.2297,False
2023-08-02,63.84,0,Bear,0.0,Bear,0.425,0.3943,0.1807,True
2023-08-03,62.93,2,Bull,2.0,Bull,0.2118,0.3903,0.3979,True
2023-08-04,63.28,2,Bull,2.0,Bull,0.1349,0.234,0.6311,True
2023-08-07,64.92,1,Neutral,0.0,Bear,0.2465,0.6054,0.1482,False
2023-08-08,64.58,1,Neutral,0.0,Bear,0.4211,0.4295,0.1494,False
2023-08-09,63.36,1,Neutral,1.0,Neutral,0.204,0.5197,0.2764,True
2023-08-10,63.36,2,Bull,2.0,Bull,0.1419,0.078,0.7801,True
2023-08-11,63.71,1,Neutral,1.0,Neutral,0.1791,0.6201,0.2008,True
2023-08-14,63.62,1,Neutral,0.0,Bear,0.3942,0.405,0.2008,False
2023-08-15,63.1,1,Neutral,1.0,Neutral,0.202,0.5488,0.2492,True
2023-08-16,63.36,1,Neutral,2.0,Bull,0.2732,0.4475,0.2792,False
2023-08-17,63.8,1,Neutral,1.0,Neutral,0.3025,0.586,0.1116,True
2023-08-18,63.54,1,Neutral,0.0,Bear,0.2861,0.4634,0.2505,False
2023-08-21,63.19,1,Neutral,1.0,Neutral,0.3135,0.4711,0.2154,True
2023-08-22,63.02,1,Neutral,2.0,Bull,0.1959,0.4972,0.3069,False
2023-08-23,63.71,1,Neutral,2.0,Bull,0.2329,0.5729,0.1942,False
2023-08-24,64.75,1,Neutral,1.0,Neutral,0.2107,0.6912,0.0981,True
2023-08-25,64.92,2,Bull,2.0,Bull,0.1592,0.183,0.6579,True
2023-08-28,67.52,1,Neutral,0.0,Bear,0.3418,0.4064,0.2517,False
2023-08-29,67.09,2,Bull,2.0,Bull,0.1502,0.1773,0.6725,True
2023-08-30,67.44,1,Neutral,1.0,Neutral,0.2413,0.5484,0.2104,True
2023-08-31,67.44,2,Bull,2.0,Bull,0.1754,0.2472,0.5775,True
2023-09-05,69.43,1,Neutral,1.0,Neutral,0.2769,0.6307,0.0924,True
2023-09-06,69.34,2,Bull,0.0,Bear,0.3575,0.1837,0.4588,False
2023-09-07,68.91,2,Bull,2.0,Bull,0.1835,0.213,0.6035,True
2023-09-08,69.34,2,Bull,0.0,Bear,0.2777,0.1817,0.5407,False
2023-09-11,68.91,2,Bull,2.0,Bull,0.1658,0.2151,0.6191,True
2023-09-12,69.6,1,Neutral,0.0,Bear,0.3547,0.5104,0.1349,False
2023-09-13,68.56,2,Bull,1.0,Neutral,0.195,0.3218,0.4832,False
2023-09-14,68.82,1,Neutral,1.0,Neutral,0.2857,0.5971,0.1172,True
2023-09-15,68.91,0,Bear,0.0,Bear,0.446,0.4064,0.1476,True
2023-09-18,68.39,0,Bear,1.0,Neutral,0.4194,0.3766,0.204,False
2023-09-19,68.39,2,Bull,0.0,Bear,0.3675,0.225,0.4075,False
2023-09-20,67.87,2,Bull,1.0,Neutral,0.275,0.2644,0.4605,False
2023-09-21,67.61,0,Bear,0.0,Bear,0.5,0.2125,0.2875,True
2023-09-22,67.18,0,Bear,1.0,Neutral,0.5193,0.2746,0.2061,False
2023-09-25,67.26,0,Bear,0.0,Bear,0.6914,0.1734,0.1352,True
2023-09-26,65.96,2,Bull,2.0,Bull,0.2852,0.205,0.5098,True
2023-09-27,66.4,1,Neutral,0.0,Bear,0.3567,0.3759,0.2674,False
2023-09-28,64.84,0,Bear,0.0,Bear,0.4794,0.2637,0.2568,True
2023-09-29,64.32,2,Bull,2.0,Bull,0.3138,0.235,0.4512,True
2023-10-02,65.53,0,Bear,0.0,Bear,0.5458,0.1764,0.2778,True
2023-10-03,64.14,2,Bull,2.0,Bull,0.2595,0.1896,0.5509,True
2023-10-04,64.49,0,Bear,0.0,Bear,0.5213,0.1804,0.2983,True
2023-10-05,63.02,0,Bear,2.0,Bull,0.4337,0.231,0.3353,False
2023-10-06,64.32,0,Bear,0.0,Bear,0.3968,0.2785,0.3247,True
2023-10-09,63.88,2,Bull,2.0,Bull,0.3286,0.2853,0.3862,True
2023-10-10,64.49,0,Bear,1.0,Neutral,0.3683,0.3574,0.2743,False
2023-10-11,64.49,0,Bear,2.0,Bull,0.4447,0.2368,0.3184,False
2023-10-12,65.44,0,Bear,1.0,Neutral,0.4681,0.3304,0.2014,False
2023-10-13,65.7,0,Bear,0.0,Bear,0.5815,0.2466,0.1719,True
2023-10-16,65.18,0,Bear,0.0,Bear,0.5871,0.2544,0.1586,True
2023-10-17,64.84,0,Bear,0.0,Bear,0.5936,0.1889,0.2175,True
2023-10-18,64.06,0,Bear,0.0,Bear,0.4832,0.2675,0.2493,True
2023-10-19,61.89,0,Bear,2.0,Bull,0.407,0.3198,0.2732,False
2023-10-20,62.67,0,Bear,0.0,Bear,0.5333,0.2538,0.2129,True
2023-10-23,60.85,0,Bear,1.0,Neutral,0.5023,0.2785,0.2192,False
2023-10-24,60.94,0,Bear,0.0,Bear,0.7702,0.1258,0.104,True
2023-10-25,59.81,0,Bear,0.0,Bear,0.6549,0.1676,0.1775,True
2023-10-26,58.08,2,Bull,2.0,Bull,0.353,0.2856,0.3614,True
2023-10-27,58.94,2,Bull,0.0,Bear,0.3375,0.1754,0.4871,False
2023-10-30,58.6,1,Neutral,2.0,Bull,0.2444,0.3893,0.3663,False
2023-10-31,58.94,2,Bull,2.0,Bull,0.2432,0.1621,0.5947,True
2023-11-01,61.02,2,Bull,2.0,Bull,0.2223,0.1291,0.6486,True
2023-11-02,61.46,0,Bear,0.0,Bear,0.478,0.2627,0.2593,True
2023-11-03,60.68,0,Bear,2.0,Bull,0.4303,0.14,0.4297,False
2023-11-06,61.54,1,Neutral,1.0,Neutral,0.3124,0.4598,0.2277,True
2023-11-07,61.37,2,Bull,2.0,Bull,0.1875,0.1363,0.6762,True
2023-11-08,61.89,0,Bear,0.0,Bear,0.3833,0.2794,0.3373,True
2023-11-09,61.28,0,Bear,0.0,Bear,0.5514,0.2503,0.1983,True
2023-11-10,60.33,0,Bear,0.0,Bear,0.4283,0.3479,0.2238,True
2023-11-13,59.55,1,Neutral,1.0,Neutral,0.3572,0.3891,0.2537,True
2023-11-14,59.72,2,Bull,2.0,Bull,0.3092,0.1565,0.5343,True
2023-11-15,61.28,1,Neutral,0.0,Bear,0.275,0.4088,0.3162,False
2023-11-16,60.94,1,Neutral,1.0,Neutral,0.2831,0.4904,0.2265,True
2023-11-17,60.68,0,Bear,0.0,Bear,0.3983,0.3791,0.2226,True
2023-11-20,60.07,1,Neutral,1.0,Neutral,0.2661,0.4635,0.2704,True
2023-11-21,60.24,1,Neutral,1.0,Neutral,0.2262,0.4624,0.3113,True
2023-11-22,60.16,0,Bear,0.0,Bear,0.5224,0.1074,0.3702,True
2023-11-23,59.55,0,Bear,0.0,Bear,0.5425,0.243,0.2145,True
2023-11-24,59.2,2,Bull,1.0,Neutral,0.2397,0.3524,0.4079,False
2023-11-27,59.03,2,Bull,2.0,Bull,0.3105,0.1512,0.5383,True
2023-11-28,59.38,2,Bull,1.0,Neutral,0.3374,0.1744,0.4882,False
2023-11-29,59.29,0,Bear,0.0,Bear,0.5649,0.1946,0.2406,True
2023-11-30,58.42,2,Bull,2.0,Bull,0.3068,0.0961,0.5971,True
2023-12-01,59.29,2,Bull,2.0,Bull,0.2622,0.1474,0.5904,True
2023-12-04,59.64,2,Bull,0.0,Bear,0.3576,0.1607,0.4817,False
2023-12-05,59.03,2,Bull,2.0,Bull,0.3225,0.3048,0.3727,True
2023-12-06,59.38,2,Bull,1.0,Neutral,0.3143,0.3219,0.3638,False
2023-12-07,59.29,2,Bull,2.0,Bull,0.3078,0.1376,0.5546,True
2023-12-08,59.81,2,Bull,2.0,Bull,0.3525,0.1434,0.5042,True
2023-12-11,60.68,0,Bear,0.0,Bear,0.3795,0.3748,0.2457,True
2023-12-12,60.16,0,Bear,0.0,Bear,0.3963,0.2809,0.3229,True
2023-12-13,59.12,1,Neutral,1.0,Neutral,0.2195,0.5332,0.2473,True
2023-12-14,59.29,1,Neutral,1.0,Neutral,0.3117,0.5351,0.1532,True
2023-12-15,59.03,0,Bear,0.0,Bear,0.4683,0.1852,0.3465,True
2023-12-18,58.08,1,Neutral,1.0,Neutral,0.2087,0.5464,0.2449,True
2023-12-19,58.08,1,Neutral,2.0,Bull,0.1884,0.5174,0.2942,False
2023-12-20,59.03,1,Neutral,1.0,Neutral,0.1897,0.5697,0.2406,True
2023-12-21,58.77,1,Neutral,1.0,Neutral,0.206,0.5991,0.1949,True
2023-12-22,58.6,1,Neutral,1.0,Neutral,0.2287,0.5207,0.2507,True
2023-12-25,58.86,1,Neutral,1.0,Neutral,0.179,0.5178,0.3033,True
2023-12-26,58.94,1,Neutral,1.0,Neutral,0.282,0.5873,0.1307,True
2023-12-27,58.94,1,Neutral,2.0,Bull,0.1873,0.483,0.3297,False
2023-12-28,59.82,0,Bear,0.0,Bear,0.5293,0.1797,0.291,True
2023-12-29,59.03,2,Bull,2.0,Bull,0.1934,0.3093,0.4973,True
2024-01-02,59.64,1,Neutral,2.0,Bull,0.182,0.4796,0.3384,False
2024-01-03,60.25,1,Neutral,1.0,Neutral,0.2675,0.5445,0.1881,True
2024-01-04,60.25,1,Neutral,1.0,Neutral,0.2263,0.5461,0.2276,True
2024-01-05,60.08,0,Bear,0.0,Bear,0.4163,0.2779,0.3058,True
2024-01-08,59.56,1,Neutral,1.0,Neutral,0.3206,0.5034,0.176,True
2024-01-09,59.47,0,Bear,0.0,Bear,0.4873,0.255,0.2577,True
2024-01-10,58.94,1,Neutral,2.0,Bull,0.2385,0.5086,0.2529,False
2024-01-11,59.29,0,Bear,0.0,Bear,0.4371,0.1881,0.3747,True
2024-01-12,58.68,2,Bull,1.0,Neutral,0.3065,0.317,0.3765,False
2024-01-15,58.51,1,Neutral,2.0,Bull,0.3087,0.4676,0.2236,False
2024-01-16,58.86,1,Neutral,1.0,Neutral,0.2852,0.4987,0.2161,True
2024-01-17,58.6,1,Neutral,1.0,Neutral,0.2961,0.6222,0.0817,True
2024-01-18,58.86,2,Bull,2.0,Bull,0.2542,0.1827,0.5631,True
2024-01-19,59.38,1,Neutral,1.0,Neutral,0.3371,0.4216,0.2413,True
2024-01-22,59.64,1,Neutral,0.0,Bear,0.2542,0.619,0.1268,False
2024-01-23,59.12,1,Neutral,0.0,Bear,0.3187,0.3911,0.2903,False
2024-01-24,58.77,0,Bear,0.0,Bear,0.4408,0.3539,0.2052,True
2024-01-25,58.42,1,Neutral,1.0,Neutral,0.1965,0.6877,0.1157,True
2024-01-26,58.51,1,Neutral,1.0,Neutral,0.2388,0.4879,0.2732,True
2024-01-29,58.51,1,Neutral,1.0,Neutral,0.316,0.4769,0.2072,True
2024-01-30,58.42,1,Neutral,1.0,Neutral,0.2412,0.525,0.2339,True
2024-01-31,58.51,2,Bull,2.0,Bull,0.1902,0.2136,0.5961,True
2024-02-01,58.94,1,Neutral,1.0,Neutral,0.2496,0.5306,0.2198,True
2024-02-02,58.86,2,Bull,2.0,Bull,0.2949,0.1879,0.5172,True
2024-02-05,59.38,0,Bear,0.0,Bear,0.512,0.2905,0.1975,True
2024-02-06,59.03,1,Neutral,1.0,Neutral,0.2426,0.6399,0.1176,True
2024-02-07,59.03,1,Neutral,1.0,Neutral,0.2067,0.5839,0.2094,True
2024-02-15,59.03,2,Bull,2.0,Bull,0.2352,0.3046,0.4602,True
2024-02-16,61.13,2,Bull,2.0,Bull,0.1684,0.2125,0.6191,True
2024-02-19,62.79,0,Bear,0.0,Bear,0.5575,0.1943,0.2482,True
2024-02-20,62.44,1,Neutral,1.0,Neutral,0.2519,0.6166,0.1316,True
2024-02-21,62.26,1,Neutral,1.0,Neutral,0.1482,0.5216,0.3302,True
2024-02-22,62.53,1,Neutral,0.0,Bear,0.415,0.449,0.136,False
2024-02-23,62.0,1,Neutral,1.0,Neutral,0.2782,0.6276,0.0941,True
2024-02-26,62.0,2,Bull,2.0,Bull,0.1478,0.2064,0.6457,True
2024-02-27,62.87,1,Neutral,1.0,Neutral,0.2718,0.6313,0.0969,True
2024-02-28,63.05,1,Neutral,1.0,Neutral,0.2274,0.4078,0.3649,True
2024-02-29,62.87,1,Neutral,0.0,Bear,0.3234,0.5587,0.1179,False
2024-03-01,62.44,1,Neutral,2.0,Bull,0.1478,0.5725,0.2796,False
2024-03-04,62.87,2,Bull,2.0,Bull,0.3405,0.3089,0.3506,True
2024-03-05,63.75,1,Neutral,0.0,Bear,0.2407,0.4689,0.2904,False
2024-03-06,62.7,1,Neutral,1.0,Neutral,0.2145,0.7079,0.0776,True
2024-03-07,62.87,1,Neutral,0.0,Bear,0.2988,0.5091,0.1921,False
2024-03-08,61.13,2,Bull,1.0,Neutral,0.1951,0.3522,0.4527,False
2024-03-11,61.39,1,Neutral,1.0,Neutral,0.2407,0.6144,0.1449,True
2024-03-12,61.13,2,Bull,2.0,Bull,0.1837,0.3574,0.4589,True
2024-03-13,61.83,1,Neutral,1.0,Neutral,0.173,0.4898,0.3373,True
2024-03-14,61.56,0,Bear,0.0,Bear,0.4619,0.3371,0.201,True
2024-03-15,60.86,0,Bear,0.0,Bear,0.4312,0.273,0.2958,True
2024-03-18,60.06,1,Neutral,1.0,Neutral,0.1511,0.7784,0.0705,True
2024-03-19,59.97,1,Neutral,1.0,Neutral,0.1932,0.6692,0.1375,True
2024-03-20,60.15,2,Bull,2.0,Bull,0.1833,0.2607,0.5559,True
2024-03-21,60.51,1,Neutral,0.0,Bear,0.2949,0.5866,0.1185,False
2024-03-22,59.97,1,Neutral,0.0,Bear,0.257,0.6035,0.1394,False
2024-03-25,59.53,1,Neutral,2.0,Bull,0.2311,0.4681,0.3009,False
2024-03-26,59.89,1,Neutral,1.0,Neutral,0.2536,0.5748,0.1716,True
2024-03-27,59.89,1,Neutral,1.0,Neutral,0.2437,0.6481,0.1082,True
2024-03-28,59.89,1,Neutral,1.0,Neutral,0.219,0.6851,0.096,True
2024-03-29,59.8,0,Bear,0.0,Bear,0.4766,0.3499,0.1735,True
2024-04-01,59.27,1,Neutral,1.0,Neutral,0.1931,0.6698,0.1371,True
2024-04-02,59.53,0,Bear,0.0,Bear,0.4389,0.3516,0.2095,True
2024-04-03,59.0,0,Bear,2.0,Bull,0.414,0.3454,0.2406,False
2024-04-04,60.33,1,Neutral,1.0,Neutral,0.3601,0.4277,0.2122,True
2024-04-05,60.06,0,Bear,0.0,Bear,0.4135,0.337,0.2495,True
2024-04-08,59.27,1,Neutral,1.0,Neutral,0.1737,0.4354,0.3909,True
2024-04-09,59.27,1,Neutral,1.0,Neutral,0.2077,0.6113,0.181,True
2024-04-10,59.09,1,Neutral,1.0,Neutral,0.1705,0.6481,0.1814,True
2024-04-11,58.91,1,Neutral,1.0,Neutral,0.3841,0.519,0.097,True
2024-04-12,59.0,1,Neutral,0.0,Bear,0.1916,0.6099,0.1984,False
2024-04-15,57.41,1,Neutral,0.0,Bear,0.2649,0.5594,0.1758,False
2024-04-16,56.61,1,Neutral,1.0,Neutral,0.185,0.5908,0.2242,True
2024-04-17,56.79,1,Neutral,1.0,Neutral,0.2713,0.5142,0.2144,True
2024-04-19,56.79,1,Neutral,1.0,Neutral,0.2124,0.6875,0.1002,True
2024-04-22,56.61,0,Bear,0.0,Bear,0.4247,0.3616,0.2137,True
2024-04-23,56.17,1,Neutral,2.0,Bull,0.1836,0.4422,0.3742,False
2024-04-24,56.61,1,Neutral,2.0,Bull,0.1652,0.4267,0.4081,False
2024-04-25,57.23,2,Bull,1.0,Neutral,0.2044,0.3961,0.3995,False
2024-04-26,57.5,1,Neutral,2.0,Bull,0.1711,0.4485,0.3804,False
2024-05-02,57.85,1,Neutral,1.0,Neutral,0.2337,0.6855,0.0808,True
2024-05-03,58.03,1,Neutral,1.0,Neutral,0.1693,0.4723,0.3585,True
2024-05-06,58.21,2,Bull,2.0,Bull,0.1639,0.4084,0.4277,True
2024-05-07,60.15,1,Neutral,1.0,Neutral,0.1832,0.6121,0.2047,True
2024-05-08,60.06,1,Neutral,0.0,Bear,0.2427,0.6783,0.079,False
2024-05-09,58.91,1,Neutral,1.0,Neutral,0.2297,0.6309,0.1394,True
2024-05-10,58.82,1,Neutral,0.0,Bear,0.2867,0.4,0.3133,False
2024-05-13,58.21,2,Bull,2.0,Bull,0.1142,0.3774,0.5084,True
2024-05-14,58.82,2,Bull,2.0,Bull,0.2744,0.3337,0.3919,True
2024-05-15,59.27,1,Neutral,1.0,Neutral,0.2044,0.6171,0.1785,True
2024-05-16,59.44,2,Bull,1.0,Neutral,0.308,0.2301,0.462,False
2024-05-17,59.27,2,Bull,0.0,Bear,0.3098,0.1645,0.5258,False
2024-05-20,58.74,2,Bull,1.0,Neutral,0.3287,0.2527,0.4186,False
2024-05-21,58.56,0,Bear,0.0,Bear,0.4376,0.2407,0.3217,True
2024-05-22,58.21,2,Bull,2.0,Bull,0.331,0.1983,0.4708,True
2024-05-23,59.27,0,Bear,0.0,Bear,0.3884,0.2887,0.323,True
2024-05-24,58.38,1,Neutral,1.0,Neutral,0.3213,0.4898,0.1889,True
2024-05-27,58.47,2,Bull,2.0,Bull,0.2293,0.1749,0.5959,True
2024-05-28,59.09,2,Bull,0.0,Bear,0.299,0.3245,0.3764,False
2024-05-29,58.65,0,Bear,0.0,Bear,0.5374,0.1787,0.2839,True
2024-05-30,58.12,1,Neutral,1.0,Neutral,0.3648,0.3939,0.2413,True
2024-05-31,57.85,2,Bull,2.0,Bull,0.2786,0.3051,0.4163,True
2024-06-03,58.47,1,Neutral,1.0,Neutral,0.247,0.476,0.2771,True
2024-06-04,58.38,2,Bull,2.0,Bull,0.2024,0.1411,0.6565,True
2024-06-05,60.59,0,Bear,0.0,Bear,0.4676,0.2369,0.2955,True
2024-06-06,59.44,2,Bull,2.0,Bull,0.2777,0.1245,0.5978,True
2024-06-07,59.97,0,Bear,0.0,Bear,0.4292,0.4046,0.1662,True
2024-06-10,59.44,1,Neutral,0.0,Bear,0.4394,0.4505,0.1101,False
2024-06-11,58.82,2,Bull,2.0,Bull,0.132,0.1284,0.7396,True
2024-06-12,59.27,1,Neutral,1.0,Neutral,0.2947,0.5012,0.2041,True
2024-06-13,59.18,1,Neutral,0.0,Bear,0.3725,0.3734,0.2542,False
2024-06-14,58.56,1,Neutral,1.0,Neutral,0.352,0.4663,0.1817,True
2024-06-17,58.38,1,Neutral,1.0,Neutral,0.3182,0.5938,0.0881,True
2024-06-18,58.29,1,Neutral,0.0,Bear,0.3758,0.4293,0.1949,False
2024-06-19,57.76,2,Bull,2.0,Bull,0.2058,0.2026,0.5916,True
2024-06-20,58.38,1,Neutral,1.0,Neutral,0.1723,0.6282,0.1995,True
2024-06-21,58.38,1,Neutral,0.0,Bear,0.371,0.4428,0.1862,False
2024-06-24,57.94,1,Neutral,1.0,Neutral,0.3296,0.5748,0.0956,True
2024-06-25,57.94,1,Neutral,1.0,Neutral,0.2069,0.7129,0.0802,True
2024-06-26,57.67,1,Neutral,1.0,Neutral,0.2352,0.6314,0.1334,True
2024-06-27,57.76,1,Neutral,1.0,Neutral,0.1929,0.6779,0.1292,True
2024-06-28,57.94,2,Bull,2.0,Bull,0.1402,0.3839,0.4759,True
2024-07-01,58.38,1,Neutral,1.0,Neutral,0.1977,0.493,0.3093,True
2024-07-02,58.56,1,Neutral,1.0,Neutral,0.1297,0.7042,0.166,True
2024-07-03,58.56,1,Neutral,1.0,Neutral,0.1581,0.6748,0.1671,True
2024-07-04,58.74,1,Neutral,2.0,Bull,0.1642,0.4211,0.4147,False
2024-07-05,59.44,2,Bull,2.0,Bull,0.1591,0.4181,0.4229,True
2024-07-08,59.8,1,Neutral,1.0,Neutral,0.1985,0.5772,0.2243,True
2024-07-09,59.71,1,Neutral,0.0,Bear,0.1475,0.6784,0.1741,False
2024-07-10,59.09,1,Neutral,0.0,Bear,0.2429,0.6838,0.0733,False
2024-07-11,58.65,1,Neutral,1.0,Neutral,0.2708,0.5977,0.1315,True
2024-07-12,58.65,1,Neutral,1.0,Neutral,0.1776,0.6187,0.2036,True
2024-07-15,58.56,2,Bull,1.0,Neutral,0.1611,0.3791,0.4598,False
2024-07-16,58.47,1,Neutral,0.0,Bear,0.2719,0.6005,0.1276,False
2024-07-17,58.12,1,Neutral,1.0,Neutral,0.2115,0.6547,0.1338,True
2024-07-18,58.29,1,Neutral,0.0,Bear,0.3044,0.5993,0.0963,False
2024-07-19,57.76,1,Neutral,1.0,Neutral,0.1703,0.736,0.0937,True
2024-07-22,57.85,2,Bull,2.0,Bull,0.1783,0.2211,0.6006,True
2024-07-23,58.29,1,Neutral,1.0,Neutral,0.2075,0.6972,0.0953,True
2024-07-24,58.03,1,Neutral,1.0,Neutral,0.2111,0.6852,0.1037,True
2024-07-25,58.03,1,Neutral,1.0,Neutral,0.1783,0.7259,0.0958,True
2024-07-26,58.21,1,Neutral,2.0,Bull,0.2406,0.394,0.3654,False
2024-07-29,59.44,2,Bull,2.0,Bull,0.1972,0.2825,0.5203,True
2024-07-30,59.89,2,Bull,2.0,Bull,0.204,0.1474,0.6486,True
2024-07-31,63.34,0,Bear,0.0,Bear,0.4969,0.3002,0.2029,True
2024-08-01,62.19,2,Bull,2.0,Bull,0.3133,0.2307,0.456,True
2024-08-02,63.25,0,Bear,0.0,Bear,0.4838,0.2592,0.257,True
2024-08-05,61.39,2,Bull,2.0,Bull,0.1474,0.3247,0.5279,True
2024-08-06,64.31,2,Bull,2.0,Bull,0.1682,0.197,0.6348,True
2024-08-07,65.28,0,Bear,0.0,Bear,0.4263,0.3023,0.2714,True
2024-08-08,64.31,2,Bull,2.0,Bull,0.2137,0.1309,0.6555,True
2024-08-09,64.84,1,Neutral,1.0,Neutral,0.2793,0.439,0.2818,True
2024-08-12,64.57,2,Bull,2.0,Bull,0.1548,0.1728,0.6724,True
2024-08-13,65.28,1,Neutral,1.0,Neutral,0.2912,0.5067,0.2021,True
2024-08-14,65.46,1,Neutral,1.0,Neutral,0.188,0.6597,0.1524,True
2024-08-15,65.28,0,Bear,1.0,Neutral,0.4521,0.3073,0.2406,False
2024-08-16,65.28,2,Bull,2.0,Bull,0.1514,0.1986,0.65,True
2024-08-19,67.23,0,Bear,0.0,Bear,0.428,0.3168,0.2552,True
2024-08-20,66.87,1,Neutral,1.0,Neutral,0.2584,0.4623,0.2793,True
2024-08-21,66.61,0,Bear,0.0,Bear,0.4871,0.2593,0.2537,True
2024-08-22,65.64,2,Bull,2.0,Bull,0.1894,0.3264,0.4841,True
2024-08-23,66.26,2,Bull,0.0,Bear,0.2534,0.3012,0.4454,False
2024-08-26,64.93,1,Neutral,1.0,Neutral,0.3206,0.5178,0.1616,True
2024-08-27,65.02,1,Neutral,2.0,Bull,0.2153,0.4231,0.3616,False
2024-08-28,65.37,0,Bear,0.0,Bear,0.4264,0.1498,0.4237,True
2024-08-29,65.02,2,Bull,2.0,Bull,0.2283,0.1748,0.5968,True
2024-08-30,65.37,2,Bull,2.0,Bull,0.223,0.1294,0.6476,True
2024-09-04,65.72,2,Bull,2.0,Bull,0.1262,0.1884,0.6854,True
2024-09-05,66.08,2,Bull,2.0,Bull,0.1794,0.1897,0.6309,True
2024-09-06,66.7,0,Bear,0.0,Bear,0.4689,0.3086,0.2225,True
2024-09-09,66.17,0,Bear,1.0,Neutral,0.4136,0.4035,0.1829,False
2024-09-10,66.26,1,Neutral,1.0,Neutral,0.1406,0.6279,0.2315,True
2024-09-11,65.99,1,Neutral,1.0,Neutral,0.378,0.4547,0.1673,True
2024-09-12,66.08,0,Bear,0.0,Bear,0.433,0.4066,0.1604,True
2024-09-13,64.49,1,Neutral,0.0,Bear,0.242,0.5287,0.2293,False
2024-09-16,63.6,2,Bull,2.0,Bull,0.1932,0.2372,0.5696,True
2024-09-17,64.93,1,Neutral,1.0,Neutral,0.2156,0.6127,0.1717,True
2024-09-18,64.84,1,Neutral,1.0,Neutral,0.2601,0.5611,0.1788,True
2024-09-19,64.84,1,Neutral,0.0,Bear,0.2812,0.5888,0.13,False
2024-09-20,64.31,1,Neutral,1.0,Neutral,0.2411,0.5924,0.1665,True
2024-09-23,64.49,1,Neutral,1.0,Neutral,0.2968,0.6362,0.067,True
2024-09-24,64.35,1,Neutral,0.0,Bear,0.2355,0.6304,0.134,False
2024-09-25,63.71,2,Bull,2.0,Bull,0.1692,0.3764,0.4544,True
2024-09-26,64.71,1,Neutral,1.0,Neutral,0.3684,0.5218,0.1098,True
2024-09-27,64.99,1,Neutral,0.0,Bear,0.3384,0.5492,0.1124,False
2024-09-30,64.17,1,Neutral,1.0,Neutral,0.3227,0.6079,0.0694,True
2024-10-01,64.17,0,Bear,1.0,Neutral,0.4667,0.4184,0.1148,False
2024-10-02,64.17,1,Neutral,1.0,Neutral,0.2229,0.5393,0.2378,True
2024-10-03,64.35,1,Neutral,0.0,Bear,0.3494,0.4152,0.2354,False
2024-10-04,62.7,1,Neutral,0.0,Bear,0.1998,0.4084,0.3918,False
2024-10-07,61.42,1,Neutral,2.0,Bull,0.3014,0.6024,0.0962,False
2024-10-08,62.43,1,Neutral,0.0,Bear,0.3427,0.5822,0.0751,False
2024-10-09,62.06,1,Neutral,1.0,Neutral,0.2578,0.4078,0.3344,True
2024-10-10,61.97,1,Neutral,1.0,Neutral,0.2851,0.5918,0.123,True
2024-10-11,61.97,1,Neutral,0.0,Bear,0.2497,0.5509,0.1994,False
2024-10-14,61.51,2,Bull,0.0,Bear,0.1879,0.3287,0.4834,False
2024-10-15,61.14,1,Neutral,2.0,Bull,0.2235,0.571,0.2055,False
2024-10-16,61.79,1,Neutral,1.0,Neutral,0.2917,0.5085,0.1999,True
2024-10-17,61.88,1,Neutral,1.0,Neutral,0.3903,0.4081,0.2016,True
2024-10-18,61.69,1,Neutral,1.0,Neutral,0.3994,0.4436,0.157,True
2024-10-21,61.6,1,Neutral,1.0,Neutral,0.2836,0.5782,0.1382,True
2024-10-22,61.6,1,Neutral,1.0,Neutral,0.3647,0.4931,0.1421,True
2024-10-23,61.6,2,Bull,2.0,Bull,0.3697,0.2254,0.4049,True
2024-10-24,62.61,2,Bull,0.0,Bear,0.3122,0.2802,0.4076,False
2024-10-25,62.24,2,Bull,0.0,Bear,0.3629,0.1818,0.4553,False
2024-10-28,61.51,0,Bear,1.0,Neutral,0.5392,0.2174,0.2434,False
2024-10-29,61.33,2,Bull,0.0,Bear,0.3399,0.2018,0.4583,False
2024-10-30,60.69,2,Bull,1.0,Neutral,0.3811,0.2135,0.4054,False
2024-10-31,60.5,2,Bull,1.0,Neutral,0.3537,0.2903,0.356,False
2024-11-01,60.23,0,Bear,1.0,Neutral,0.4581,0.2259,0.316,False
2024-11-04,60.05,2,Bull,1.0,Neutral,0.327,0.2176,0.4554,False
2024-11-05,59.95,0,Bear,1.0,Neutral,0.4771,0.1731,0.3498,False
2024-11-06,60.23,2,Bull,1.0,Neutral,0.3898,0.1654,0.4449,False
2024-11-07,60.32,0,Bear,1.0,Neutral,0.3857,0.296,0.3183,False
2024-11-08,60.14,0,Bear,0.0,Bear,0.4051,0.3142,0.2807,True
2024-11-11,59.68,1,Neutral,1.0,Neutral,0.3329,0.3561,0.311,True
2024-11-12,59.41,2,Bull,1.0,Neutral,0.3423,0.3063,0.3514,False
2024-11-13,59.5,0,Bear,1.0,Neutral,0.3664,0.3171,0.3165,False
2024-11-14,59.5,2,Bull,0.0,Bear,0.3144,0.2898,0.3958,False
2024-11-15,58.31,0,Bear,0.0,Bear,0.371,0.2933,0.3357,True
2024-11-18,57.85,2,Bull,1.0,Neutral,0.3942,0.1414,0.4644,False
2024-11-19,57.67,0,Bear,2.0,Bull,0.3766,0.2819,0.3415,False
2024-11-20,58.22,2,Bull,1.0,Neutral,0.3897,0.2118,0.3985,False
2024-11-21,58.49,0,Bear,2.0,Bull,0.5048,0.2766,0.2185,False
2024-11-22,58.86,0,Bear,1.0,Neutral,0.427,0.3911,0.1818,False
2024-11-25,58.86,0,Bear,2.0,Bull,0.4126,0.3204,0.2669,False
2024-11-26,59.31,0,Bear,1.0,Neutral,0.4718,0.2239,0.3043,False
2024-11-27,59.13,1,Neutral,1.0,Neutral,0.3247,0.3752,0.3001,True
2024-11-28,59.04,0,Bear,1.0,Neutral,0.4064,0.2812,0.3123,False
2024-11-29,59.13,2,Bull,1.0,Neutral,0.276,0.3204,0.4036,False
2024-12-02,59.04,2,Bull,0.0,Bear,0.3331,0.2575,0.4095,False
2024-12-03,58.49,0,Bear,0.0,Bear,0.3716,0.3114,0.317,True
2024-12-04,57.94,1,Neutral,2.0,Bull,0.3505,0.3673,0.2821,False
2024-12-05,58.86,0,Bear,1.0,Neutral,0.4049,0.3552,0.2399,False
2024-12-06,58.67,0,Bear,1.0,Neutral,0.5497,0.2193,0.231,False
2024-12-09,58.67,0,Bear,1.0,Neutral,0.4321,0.2416,0.3263,False
2024-12-10,58.49,0,Bear,1.0,Neutral,0.3994,0.2488,0.3518,False
2024-12-11,58.76,0,Bear,2.0,Bull,0.4507,0.2903,0.259,False
2024-12-12,59.13,0,Bear,0.0,Bear,0.4468,0.2928,0.2604,True
2024-12-13,58.76,0,Bear,2.0,Bull,0.4442,0.1801,0.3757,False
2024-12-16,59.5,1,Neutral,0.0,Bear,0.3245,0.3427,0.3328,False
2024-12-17,59.13,1,Neutral,1.0,Neutral,0.2964,0.4216,0.282,True
2024-12-18,59.22,0,Bear,0.0,Bear,0.5179,0.1571,0.325,True
2024-12-19,58.49,2,Bull,2.0,Bull,0.381,0.1621,0.4569,True
2024-12-20,59.5,2,Bull,0.0,Bear,0.2685,0.1994,0.532,False
2024-12-23,58.95,0,Bear,1.0,Neutral,0.482,0.2198,0.2982,False
2024-12-24,58.86,2,Bull,1.0,Neutral,0.3121,0.2725,0.4155,False
2024-12-25,58.95,2,Bull,1.0,Neutral,0.2964,0.1683,0.5354,False
2024-12-26,58.86,2,Bull,1.0,Neutral,0.3828,0.1388,0.4784,False
2024-12-27,58.86,0,Bear,0.0,Bear,0.4709,0.2863,0.2429,True
2024-12-30,58.4,0,Bear,1.0,Neutral,0.4761,0.3139,0.21,False
2024-12-31,58.49,0,Bear,1.0,Neutral,0.4459,0.3446,0.2095,False
2025-01-02,58.21,1,Neutral,1.0,Neutral,0.3305,0.3766,0.2929,True
2025-01-03,58.12,0,Bear,0.0,Bear,0.4061,0.3171,0.2768,True
2025-01-06,57.66,1,Neutral,0.0,Bear,0.3206,0.3553,0.3241,False
2025-01-07,56.92,0,Bear,1.0,Neutral,0.349,0.3205,0.3305,False
2025-01-08,56.92,1,Neutral,1.0,Neutral,0.2749,0.5037,0.2214,True
2025-01-09,57.01,1,Neutral,0.0,Bear,0.2135,0.4329,0.3536,False
2025-01-10,56.55,1,Neutral,1.0,Neutral,0.2474,0.6542,0.0984,True
2025-01-13,56.64,1,Neutral,1.0,Neutral,0.3145,0.5478,0.1377,True
2025-01-14,56.83,1,Neutral,1.0,Neutral,0.2936,0.5171,0.1893,True
2025-01-15,56.92,1,Neutral,1.0,Neutral,0.2713,0.6166,0.1121,True
2025-01-16,57.1,1,Neutral,1.0,Neutral,0.1992,0.4265,0.3742,True
2025-01-17,57.2,1,Neutral,1.0,Neutral,0.2825,0.5253,0.1922,True
2025-01-20,57.1,2,Bull,1.0,Neutral,0.2768,0.3557,0.3675,False
2025-01-21,57.01,1,Neutral,1.0,Neutral,0.3512,0.4005,0.2483,True
2025-01-22,56.83,1,Neutral,2.0,Bull,0.3609,0.4788,0.1603,False
2025-01-23,57.2,1,Neutral,1.0,Neutral,0.3672,0.446,0.1868,True
2025-01-24,57.38,2,Bull,0.0,Bear,0.3336,0.2679,0.3985,False
2025-02-03,55.81,1,Neutral,1.0,Neutral,0.3358,0.4905,0.1737,True
2025-02-04,55.54,1,Neutral,2.0,Bull,0.3584,0.5256,0.116,False
2025-02-05,56.74,1,Neutral,0.0,Bear,0.3086,0.5514,0.1399,False
2025-02-06,56.0,2,Bull,1.0,Neutral,0.3171,0.3047,0.3782,False
2025-02-07,56.09,1,Neutral,1.0,Neutral,0.2455,0.5797,0.1748,True
2025-02-10,55.91,1,Neutral,1.0,Neutral,0.2419,0.6321,0.126,True
2025-02-11,55.72,1,Neutral,2.0,Bull,0.2918,0.5259,0.1823,False
2025-02-12,56.27,1,Neutral,1.0,Neutral,0.2939,0.5907,0.1153,True
2025-02-13,56.0,1,Neutral,0.0,Bear,0.2893,0.6296,0.0811,False
2025-02-14,55.63,1,Neutral,0.0,Bear,0.2614,0.6137,0.1249,False
2025-02-17,55.35,1,Neutral,2.0,Bull,0.3067,0.4532,0.2402,False
2025-02-18,55.63,1,Neutral,2.0,Bull,0.2453,0.5937,0.161,False
2025-02-19,56.09,1,Neutral,1.0,Neutral,0.2364,0.6267,0.1369,True
2025-02-20,56.0,1,Neutral,2.0,Bull,0.2618,0.6534,0.0848,False
2025-02-21,56.64,1,Neutral,2.0,Bull,0.1764,0.6958,0.1278,False
2025-02-24,58.86,1,Neutral,0.0,Bear,0.1519,0.5672,0.2809,False
2025-02-25,58.03,1,Neutral,1.0,Neutral,0.134,0.4931,0.3729,True
2025-02-26,58.21,1,Neutral,0.0,Bear,0.2413,0.5535,0.2052,False
2025-02-27,57.38,1,Neutral,1.0,Neutral,0.1911,0.6403,0.1685,True
2025-02-28,57.38,1,Neutral,2.0,Bull,0.2023,0.6625,0.1352,False
2025-03-03,58.3,1,Neutral,1.0,Neutral,0.2787,0.6008,0.1205,True
2025-03-04,58.58,1,Neutral,0.0,Bear,0.1366,0.6259,0.2375,False
2025-03-05,57.84,1,Neutral,1.0,Neutral,0.1562,0.5087,0.3352,True
2025-03-06,58.03,1,Neutral,1.0,Neutral,0.1488,0.5076,0.3436,True
2025-03-07,57.84,0,Bear,1.0,Neutral,0.4069,0.3416,0.2515,False
2025-03-10,57.66,1,Neutral,1.0,Neutral,0.2728,0.525,0.2022,True
2025-03-11,57.57,1,Neutral,1.0,Neutral,0.2901,0.4974,0.2125,True
2025-03-12,57.38,1,Neutral,1.0,Neutral,0.163,0.5356,0.3014,True
2025-03-13,57.2,1,Neutral,1.0,Neutral,0.2357,0.3895,0.3748,True
2025-03-14,57.29,1,Neutral,2.0,Bull,0.3736,0.4784,0.148,False
2025-03-17,58.12,1,Neutral,0.0,Bear,0.2284,0.5356,0.2361,False
2025-03-18,57.66,2,Bull,1.0,Neutral,0.209,0.3608,0.4302,False
2025-03-19,57.47,1,Neutral,0.0,Bear,0.1438,0.6866,0.1697,False
2025-03-20,57.01,1,Neutral,0.0,Bear,0.3363,0.4057,0.258,False
2025-03-21,56.55,1,Neutral,1.0,Neutral,0.118,0.5835,0.2985,True
2025-03-24,56.64,2,Bull,1.0,Neutral,0.2066,0.1962,0.5971,False
2025-03-25,56.64,1,Neutral,1.0,Neutral,0.2061,0.6701,0.1239,True
2025-03-26,56.46,0,Bear,1.0,Neutral,0.4542,0.2797,0.2661,False
2025-03-27,56.37,1,Neutral,0.0,Bear,0.2858,0.5131,0.2011,False
2025-03-28,55.63,1,Neutral,2.0,Bull,0.3131,0.3692,0.3177,False
2025-03-31,55.91,1,Neutral,1.0,Neutral,0.1908,0.7254,0.0838,True
2025-04-01,56.09,1,Neutral,0.0,Bear,0.2075,0.5855,0.2069,False
2025-04-02,55.81,1,Neutral,0.0,Bear,0.2122,0.5093,0.2784,False
2025-04-03,52.12,1,Neutral,2.0,Bull,0.1537,0.617,0.2292,False
2025-04-04,53.97,1,Neutral,0.0,Bear,0.1723,0.7013,0.1263,False
2025-04-08,50.28,1,Neutral,0.0,Bear,0.1447,0.5505,0.3048,False
2025-04-09,47.97,1,Neutral,2.0,Bull,0.1483,0.5021,0.3497,False
2025-04-10,51.29,1,Neutral,2.0,Bull,0.1484,0.5322,0.3195,False
2025-04-11,53.05,1,Neutral,0.0,Bear,0.1546,0.6043,0.2411,False
2025-04-14,52.49,1,Neutral,0.0,Bear,0.1884,0.7051,0.1065,False
2025-04-15,51.94,1,Neutral,0.0,Bear,0.1837,0.4632,0.3532,False
2025-04-16,51.66,1,Neutral,1.0,Neutral,0.199,0.5713,0.2297,True
2025-04-17,51.66,1,Neutral,2.0,Bull,0.2446,0.6397,0.1157,False
2025-04-18,52.22,1,Neutral,1.0,Neutral,0.1898,0.7129,0.0973,True
2025-04-21,52.31,1,Neutral,0.0,Bear,0.189,0.6958,0.1152,False
2025-04-22,51.66,1,Neutral,2.0,Bull,0.2288,0.5658,0.2054,False
2025-04-23,52.03,1,Neutral,1.0,Neutral,0.1898,0.6365,0.1737,True
2025-04-24,51.94,1,Neutral,2.0,Bull,0.1893,0.6967,0.1141,False
2025-04-25,53.78,1,Neutral,0.0,Bear,0.2726,0.6288,0.0986,False
2025-04-28,53.05,1,Neutral,1.0,Neutral,0.2452,0.631,0.1238,True
2025-04-29,53.14,2,Bull,0.0,Bear,0.1913,0.2024,0.6063,False
2025-05-05,52.49,2,Bull,1.0,Neutral,0.182,0.345,0.473,False
2025-05-06,52.49,1,Neutral,2.0,Bull,0.3783,0.4772,0.1445,False
2025-05-07,52.77,1,Neutral,1.0,Neutral,0.2467,0.603,0.1502,True
2025-05-08,52.95,1,Neutral,2.0,Bull,0.2085,0.6632,0.1283,False
2025-05-09,53.23,1,Neutral,2.0,Bull,0.1574,0.4607,0.3819,False
2025-05-12,54.06,2,Bull,1.0,Neutral,0.1929,0.3288,0.4782,False
2025-05-13,53.97,1,Neutral,0.0,Bear,0.3643,0.4364,0.1992,False
2025-05-14,53.68,1,Neutral,2.0,Bull,0.2025,0.5978,0.1997,False
2025-05-15,54.26,1,Neutral,0.0,Bear,0.2047,0.4226,0.3727,False
2025-05-16,53.68,1,Neutral,1.0,Neutral,0.2196,0.527,0.2535,True
2025-05-19,53.49,1,Neutral,1.0,Neutral,0.2239,0.554,0.222,True
2025-05-20,53.4,1,Neutral,0.0,Bear,0.3766,0.4435,0.1799,False
2025-05-21,52.92,1,Neutral,0.0,Bear,0.2647,0.6001,0.1352,False
2025-05-22,52.54,1,Neutral,2.0,Bull,0.3121,0.4791,0.2088,False
2025-05-23,52.82,2,Bull,2.0,Bull,0.1418,0.1878,0.6705,True
2025-05-26,53.2,2,Bull,0.0,Bear,0.3122,0.2729,0.4149,False
2025-05-27,52.92,2,Bull,1.0,Neutral,0.3437,0.1928,0.4635,False
2025-05-28,52.73,0,Bear,1.0,Neutral,0.3706,0.3031,0.3263,False
2025-05-29,52.63,1,Neutral,1.0,Neutral,0.3297,0.3566,0.3136,True
2025-05-30,52.44,1,Neutral,0.0,Bear,0.3102,0.3949,0.2949,False
2025-06-02,52.15,2,Bull,2.0,Bull,0.2334,0.3015,0.4651,True
2025-06-03,53.01,0,Bear,2.0,Bull,0.4324,0.2615,0.3061,False
2025-06-04,54.35,2,Bull,0.0,Bear,0.3765,0.1899,0.4336,False
2025-06-05,53.78,0,Bear,0.0,Bear,0.389,0.346,0.265,True
2025-06-06,52.82,1,Neutral,1.0,Neutral,0.3267,0.4813,0.192,True
2025-06-09,52.82,1,Neutral,1.0,Neutral,0.3707,0.4123,0.217,True
2025-06-10,52.82,0,Bear,1.0,Neutral,0.3642,0.3574,0.2784,False
2025-06-11,52.73,1,Neutral,2.0,Bull,0.1372,0.6215,0.2413,False
2025-06-12,53.4,1,Neutral,0.0,Bear,0.3619,0.4463,0.1918,False
2025-06-13,53.01,1,Neutral,2.0,Bull,0.2952,0.3854,0.3195,False
2025-06-16,53.78,1,Neutral,1.0,Neutral,0.2993,0.4601,0.2406,True
2025-06-17,53.68,2,Bull,1.0,Neutral,0.3663,0.1853,0.4484,False
2025-06-18,53.49,2,Bull,1.0,Neutral,0.2168,0.3013,0.4819,False
2025-06-19,53.59,1,Neutral,2.0,Bull,0.2563,0.5352,0.2085,False
2025-06-20,54.06,1,Neutral,0.0,Bear,0.191,0.5664,0.2426,False
2025-06-23,53.4,2,Bull,2.0,Bull,0.1524,0.3293,0.5183,True
2025-06-24,53.87,1,Neutral,2.0,Bull,0.2284,0.627,0.1446,False
2025-06-25,54.26,1,Neutral,0.0,Bear,0.1835,0.627,0.1895,False
2025-06-26,53.87,1,Neutral,2.0,Bull,0.1685,0.5718,0.2597,False
2025-06-27,55.21,1,Neutral,1.0,Neutral,0.2965,0.4966,0.2069,True
2025-06-30,55.4,1,Neutral,,N/A,0.1379,0.433,0.4291,
