1. Chi phí chờ phân bổ dài hạn,1. Chi phí chờ phân bổ ngắn hạn,1. Hàng tồn kho,1. Phải thu ngắn hạn của khách hàng,10. Lợi nhuận sau thuế chưa phân phối,10. Phải trả ngắn hạn khác,12. Dự phòng phải trả ngắn hạn,12. Thuế thu nhập hoãn lại phải trả,13. Dự phòng phải trả dài hạn,"13. Quỹ khen thưởng, phúc lợi",14. Quỹ phát triển khoa học và công nghệ,2. Thặng dư vốn,"3. Phải trả cổ tức, lợi nhuận",3. Thuế và các khoản khác phải thu Nhà nước,3. Đầu tư nắm giữ đến ngày đáo hạn ngắn hạn,4. Dự phòng tổn thất đầu tư vào đơn vị khác dài hạn (*),4. Dự phòng đầu tư nắm giữ đến ngày đáo hạn ngắn hạn (*),4. Phải thu theo tiến độ hợp đồng xây dựng,4. Thuế và các khoản phải nộp Nhà nước ngắn hạn,5. Phải thu dài hạn khác,5. Phải thu ngắn hạn khác,5. Phải trả người lao động,5. Đầu tư nắm giữ đến ngày đáo hạn dài hạn,6. Chi phí phải trả ngắn hạn,6. Dự phòng phải thu dài hạn khó đòi (*),6. Dự phòng phải thu ngắn hạn khó đòi (*),7. Doanh thu chờ phân bổ dài hạn,8. Doanh thu chưa thực hiện ngắn hạn,8. Phải trả dài hạn khác,8. Phải trả theo tiến độ hợp đồng xây dựng ngắn hạn,9. Doanh thu chờ phân bổ ngắn hạn,9. Quỹ khác thuộc vốn chủ sở hữu,C. NỢ PHẢI TRẢ,D. VỐN CHỦ SỞ HỮU,V. Tài sản dở dang dài hạn,VI. Tài sản ngắn hạn khác,VI. Đầu tư tài chính dài hạn,VII. Tài sản dài hạn khác,a_liabilities,a_short_term_assets,accumulated_depreciation,accumulated_retained_earning_at_the_end_of_the_previous_period,assets,assets_awaiting_resolution,assets_revaluation_differences,b_long_term_assets,b_owners_equity,bonus_and_welfare_fund,c_minoritys_interest,capital_at_inter_company,cash,cash_and_cash_equivalents,cash_equivalents,common_stock_with_voting_right,construction_contract_progress_payments_due_to_suppliers,construction_contract_progress_receipts_due_from_customers,construction_in_progress,convertible_bond_option,convertible_bonds,cost,deferred_income_tax_assets,deferred_income_tax_liabilities,finance_lease_fixed_assets,financial_reserves,fixed_assets,foreign_exchange_differences,fund_for_technology_development,fund_to_support_corporate_restructuring,funds_invested_in_fixed_assets,goodwill,government_bonds,held_to_maturity_investments,ii_other_resources_and_funds,intangible_fixed_assets,inter_company_payables_on_business_capital,inventories,investment_and_development_fund,investment_in_associates,investment_in_subsidiaries,investment_properties,investments_in_associates_joint_ventures,investments_in_other_entities,long_term_acrrued_expenses,long_term_advances_from_customers,long_term_assets_in_progress,long_term_borrowings_and_financial_leases,long_term_equipment_supplies_spare_parts,long_term_financial_investments,long_term_inter_company_payables,long_term_inter_company_receivables,long_term_liabilities,long_term_loan_receivables,long_term_prepayments,long_term_prepayments_to_suppliers,long_term_production_in_progress,long_term_receivables,long_term_trade_payables,long_term_trade_receivables,long_term_unearned_revenue,minority_interest,other_capital_of_owners,other_funds_from_owners_equity,other_long_term_assets,other_long_term_investments,other_long_term_liabilities,other_long_term_receivables,other_short_term_assets,other_short_term_payables,other_short_term_receivables,owners_capital,owners_equity,payable_to_employees,period,preferred_stock,price_stabilization_fund,provision_for_decline_in_value_of_inventories,provision_for_diminution_in_value_of_long_term_investments,provision_for_long_term_doubtful_debts,provision_for_long_term_liabilities,provision_for_severance_allowances,provision_for_short_term_doubtful_debts,provision_for_short_term_liabilities,reserves_for_investment_in_construction,share_premium,short_term_acrrued_expenses,short_term_advances_from_customers,short_term_borrowings_and_financial_leases,short_term_financial_investments,short_term_inter_company_payables,short_term_inter_company_receivables,short_term_liabilities,short_term_loan_receivables,short_term_prepayments,short_term_prepayments_to_suppliers,short_term_trade_accounts_payable,short_term_trade_accounts_receivable,subsidized_not_for_profit_funds,tangible_fixed_assets,taxes_and_other_payables_to_state_authorities,taxes_and_other_receivables_from_state_authorities,total_assets,total_liabilities_equity,trading_securities,treasury_shares,undistributed_earnings_after_tax,undistributed_earnings_in_this_period,value_added_tax_to_be_reclaimed,vii_goodwill
1748044165862.0,592431670183.0,1163844658543,10175295201576,19702755221930.0,586509033785.0,568429169238.0,225408582305.0,441640477170.0,1576181989047.0,192096283.0,49713213411.0,19224252385.0,121526875562.0,18787408055631.0,-2710089987125.0,-35872175224.0,255231754306.0,930835170311.0,581436563490.0,783125213986.0,2381460234023.0,2774502166.0,1297318040710.0,-52372482637.0,-342389168838.0,351170921991.0,,144425098064.0,72097049140.0,1095442672376.0,91013628887.0,28464058214856.0,40122036570361.0,979678197873.0,1340197793854.0,10525098646332.0,3399067564489.0,,41527873060120,,17215383634831.0,,,,27058221725097,,,,,5022685693032,7993577611642,2970891918610,17035071210000.0,,,979678197873,,,,672886877165,,1049774612,,11625313235550,-108259470829,,,,978136521462.0,,,,1405422496340,,1094571460159,1326445413495,9410217695173.0,,,,3822196436118.0,,,,1605069048520.0,,,,,2767906224333,,,,,529064080853.0,,,,1170029477216.0,855267876251.0,,,,,,,,,17035071210000,40122036570361,,2026-Q1,,,-69273198384,,,,,,,,,,824581395679,14491358043012.0,18751535880407,,,25696151990523,,,1476727313028,1852714940817,12347990314058,,10218840964598,,,68586094785217,68586094785217,,,,2487371587099.0,626239248109,
4200230383066.0,641070240596.0,2250812490757,12733504688522,14324284500434.0,1014673786632.0,578298384069.0,198787701984.0,405858410471.0,2161348997002.0,192096283.0,49713213411.0,,131225405564.0,29612986737440.0,-2667027499149.0,,200405269967.0,2192156678455.0,611435814893.0,1128684791757.0,5678410841285.0,,1843426377372.0,-52372482637.0,-586166744274.0,127529003367.0,,149213186822.0,85650109236.0,4230708251601.0,88263628887.0,44338155487272.0,43751466292590.0,1604915957419.0,1381813111264.0,4737863994182.0,5749495414786.0,,58102970741619,,7399799985311.0,,,,29986651038243,,,,,8084826991114,10540181640920,2455354649806,17035071210000.0,,,1604915957419,,,,533534765559,,1277212606,,17330033606586,-70194908319,,,,1015730266161.0,,,2750000000.0,1942939547693,,2167188682919,1556932891952,3581128517425.0,,,,3823762975906.0,,,,1903789988184.0,,,,,2785370387111,5278733014.0,,,,564342065270.0,,,,7265098386273.0,3499547369952.0,,,,,,,,,17035071210000,43748716292590,,2025-Q4,,,-83623807838,,,,,,,,,,761332738428,19169697497955.0,29612986737440,,,41552785100161,9195910819.0,,915176652285,3837081438126,14400800569076,2750000000.0,15385816846287,,,88089621779862,88089621779862,,,,6924484515123.0,609517465104,
4112639286448.0,727367088616.0,2134346913983,11454536291628,13905342142939.0,886287256355.0,447281435201.0,251711896960.0,382749454108.0,1466277560451.0,192096283.0,49713213411.0,,133744369072.0,27125585559832.0,-2411392556617.0,,192402178808.0,1688953475754.0,624504027254.0,1196855208054.0,5855479855263.0,,1288325325852.0,-52372482637.0,-613258400119.0,157108380388.0,,148623774023.0,97274560617.0,3772473040194.0,88263628887.0,39907781019976.0,42830523910473.0,1639392184214.0,1526548213325.0,3982982376038.0,5915455046818.0,,53632976863548,,7034262059129.0,,,,29105328066901,,,,,7677693654613,9853512731370,2175819076757,17035071210000.0,,,1639392184214,,,,626835110443,,1574138434,,16990519914677,-27681339351,,,,1175980649927.0,,,2750000000.0,1832199076885,,2050315910017,1237865469600,2926769962921.0,,,,3467604969734.0,,,,2681435422290.0,,,,,3621821024052,4847000537.0,,,,576978545154.0,,,,7039652215035.0,3499547369952.0,,,,,,,,,17035071210000,42827773910473,,2025-Q3,,,-84031003966,,,,,,,,,,889386954751,16906417104678.0,27125585559832,,,36285959995924,45227471491.0,,801251699142,2987803426808,13077014449004,2750000000.0,15156746699358,,,82738304930449,82738304930449,,,,6871080083810.0,665436755637,
4043305734364.0,721172649340.0,2157814116939,11175300447724,13754625963366.0,791618953091.0,445896728018.0,646538868114.0,355154902907.0,1506718165310.0,192096283.0,49713213411.0,,114884275311.0,26619399709978.0,-2424277857391.0,,164046117155.0,1444374187645.0,602496864928.0,988041181778.0,4948810580669.0,200000000.0,1316015133539.0,-52372482637.0,-618183101143.0,154400605892.0,,146036731316.0,146279877893.0,2905363929549.0,87328710821.0,41725134585223.0,39876462423153.0,1668840462857.0,1472724433925.0,3814048381835.0,5996133265073.0,,52711179992741,,9318374975781.0,,,,28890417015635,,,,,7755450852909,10019630995136,2264180142227,14813301220000.0,,,1668840462857,,,,909024125220,,1829838007,,16856008406544,765225132,,,,1043803405489.0,,,2750000000.0,1936116534630,,2074111218172,1153142943064,2749087174920.0,,,,3489039064306.0,,,,2739611909827.0,,,,,4041935114339,5262117035.0,,,,555386499326.0,,,,6569531877020.0,3445303270339.0,,,,,,,,,14813301220000,39873712423153,,2025-Q2,,,-83702898767,,,,,,,,,,832680973164,20297311111107.0,26619399709978,,,37683199470884,10069852326.0,,806039137690,3048129830899,12525313635530,2750000000.0,14918062033907,,,81601597008376,81601597008376,,,,4436250987585.0,636667509274,
3785638253320.0,664880944825.0,2238873166859,10855474371546,13205526456323.0,1251531665774.0,469541169378.0,569727369002.0,302827405368.0,1651013852183.0,192096283.0,49713213411.0,,139497628510.0,23768377985785.0,-2392837248911.0,,153811104201.0,1121444348802.0,482857117398.0,894960947874.0,3131535196468.0,200000000.0,1333924968064.0,-52372482637.0,-570652543118.0,148599657911.0,,174873393589.0,101890782709.0,2690354669032.0,91579141774.0,36101018424847.0,37896654696942.0,2812693461694.0,1445717213450.0,3526503466795.0,5600891937741.0,,46075510989597,,11031225069798.0,,,,27922162132192,,,,,5342746710936,6755645214252,1412898503316,14710691830000.0,,,2812693461694,,,,749151566547,,1950397239,,15548353983782,13708111052,,,,1066102117874.0,,,2750000000.0,1978640933934,,2107939084995,2071074307101,2496646180033.0,,,,3422494535673.0,,,,987681080191.0,,,,,2183901002344,3234647419.0,,,,433719282180.0,,,,5822598933827.0,1929012703454.0,,,,,,,,,14710691830000,37893904696942,,2025-Q1,,,-130934081864,,,,,,,,,,601277867861,18320209599285.0,23768377985785,,,33917117422503,9757907901.0,,654479702711,3244393302947,11997831491115,2750000000.0,13567762652609,,,73997673121789,73997673121789,,,,2174301386525.0,641338640115,
,,1969267986149,10537019113380,,,,,,,,,,,,,,,,,,,,,,,,4252957254484.0,,,,,,,,,,,36216611816559.0,45475495956466,,5458228109134.0,,,,26537742279063,35796626418970.0,1834274483606.0,,,6725619929289,9315440438884,2589820509595,14710691830000.0,92738882375.0,136097256629.0,2559818072744,,,,573020091858,356994720571.0,2042708364,,14841618370112,-49482336677,192096283.0,,,1097458206678.0,,21785413686808.0,2750000000.0,2039520516122,,1835800448666,2108953405345,,,,2282142017143.0,3393737969842.0,,,2559818072744.0,501115537075.0,,3319014817651.0,,,1436299546037,2509722351.0,3815166554012.0,,,331646166008.0,,,131344534204.0,5933691775223.0,1929012703454.0,87730484825.0,5485644852548.0,,183788442785.0,381508926294.0,1159049076313.0,916333996623.0,706219898391.0,14710691830000,35793876418970,4267635878722.0,2024-Q4,,,-133467537483,-2357065169334.0,-52372482637.0,262864215119.0,,-619531925859.0,438100145127.0,,49713213411.0,1253394342965.0,562066755666,14446238451323.0,21785213686808,,,34780312270522,9808117590.0,453590735414.0,610379845664,4423912840298,11379992305795,2750000000.0,12800055145626,2292659239333.0,56757639039.0,72013238235529,72013238235529,,,11023565343389.0,5565337234255.0,648700701860,
,,2193960954794,10799828515307,,,,,,,,,,,,,,,,,,,,,,,,3609185372381.0,,,,,,,,,,,32217402904957.0,42605105704316,,5501785086737.0,,,,24976481427066,35364184226425.0,1067832843209.0,,,5251361305952,7935632407357,2684271101405,14604480660000.0,73935649016.0,194158152911.0,1474733361173,,,,619606969919,281716928073.0,2382853627,,14439270982491,-29631639215,192096283.0,,,1434724678776.0,,19442795123064.0,2750000000.0,1540006581949,,2059110974322,1785871347912,,,,2107973088950.0,3127281986657.0,,,1474733361173.0,478259485405.0,,3214141461080.0,,,1247766001418,897416719.0,3447179472476.0,,,346824501151.0,,,136336645256.0,5671387531825.0,1928079706361.0,87730484825.0,5501511121171.0,,191578670665.0,398299567069.0,1292616500084.0,867644213813.0,900121856114.0,14604480660000,35361434226425,4450898103166.0,2024-Q3,,,-134849980472,-2021313614527.0,-52372482637.0,159682175736.0,,-618598751821.0,68122659088.0,,49713213411.0,1331750914463.0,561493915003,14167809581083.0,19442595123064,,,30969636903539,33543915000.0,617798475447.0,566097011978,3096588816686,11875150699489,2750000000.0,12896881546915,1674374835631.0,70187936409.0,67581587131382,67581587131382,,,11263802921306.0,5762017834569.0,604630088228,
,,2020867809584,10309248199833,,,,,,,,,,,,,,,,,,,,,,,,2819029249307.0,,,,,,,,,,,32537727442612.0,40823156206093,,5504840283495.0,,,,24498811518815,32784240282296.0,1078656072209.0,,,5619992039480,6836262549195,1216270509715,14604480660000.0,80065381119.0,196821565607.0,1475304890550,,,,589559256274,281846591212.0,3124963681,,14370407013750,-54246270878,192096283.0,,,1334758371476.0,,19936262543669.0,2750000000.0,1707218886272,,1883517781683,1689800219262,,,,1964698503482.0,2957192860629.0,,,1475304890550.0,478494331122.0,,3095902850581.0,,,1196511155588,298168000.0,3317231255111.0,,,315647881073.0,,,129106508320.0,5299246371520.0,1928079706361.0,87730484825.0,5241548882861.0,,194225709333.0,367722195710.0,1194798284094.0,836477698929.0,853765844605.0,14604480660000,32781490282296,3918326517458.0,2024-Q2,,,-137350027901,-1846188513530.0,-52372482637.0,112645919318.0,,-985076830775.0,171953752690.0,,49713213411.0,1089742264001.0,773964458511,16024050830233.0,19916062543669,,,31341216287024,18634400000.0,581246029484.0,599121868182,3214619267192,10992515047452,2750000000.0,12660063163797,1334330795375.0,94689175815.0,65321967724908,65321967724908,,,9176685897795.0,3671845614300.0,518863078795,
,,1996597949120,9393764058957,,,,,,,,,,,,,,,,,,,,,,,,2436685610160.0,,,,,,,,,,,30297604017265.0,37679149034489,,8680772347026.0,,,,24345556013940,31727101031164.0,1092670762794.0,,,5411920365956,6341457504996,929537139040,12699688750000.0,71558000530.0,190429912043.0,1429362563324,,,,463159590283,330205688036.0,3541847532,,13814237251681,-39209406195,192096283.0,,,1611723437032.0,,18250359723426.0,2750000000.0,1512918754652,,1856403641469,1626776630590,,,,2186084508454.0,2949336301696.0,,,1429362563324.0,525148987126.0,,3415559155234.0,,,1264421071488,,3291841329838.0,,,319672686548.0,,,125499512897.0,4892732884725.0,1928079706361.0,87730484825.0,5366724357153.0,,186678090522.0,372045169185.0,1196256798381.0,741151780407.0,819717532596.0,12699688750000,31724351031164,2685858614485.0,2024-Q1,,,-140194307651,-1740061654916.0,-52372482637.0,96696696624.0,,-978160227586.0,283898524781.0,,49713213411.0,934931288233.0,663830151912,15984086694338.0,18230159723426,,,29033182945777,657520000.0,626343628225.0,628462570207,3179670522866,10054871366217,2750000000.0,12297776649497,958840995271.0,89469703306.0,62024705048429,62024705048429,,,10478838767447.0,1798066420421.0,480443466850,
,,1724956924671,9044709144898,,,,,,,,,,,,,,,,,,,,,,,,3620205460042.0,,,,,,,,,,,30376921097518.0,36709543350385,,4470578664053.0,,,,23615732701547,29948354954414.0,1461339534705.0,,,5975127685903,8279156683221,2304028997318,12699688750000.0,78456375540.0,182965994736.0,1315270136003,,,,368684417542,257214627286.0,4018633151,,13643232649898,-17000608261,192096283.0,,,1283790079129.0,,16124405358010.0,2750000000.0,1257097141433,,1593411075233,1559995344872,,,,2140003690320.0,2830355013038.0,,,1315270136003.0,208074996962.0,,3367402312269.0,,,709640675212,,3389945901107.0,,,247407205599.0,,,132927038647.0,4958194500693.0,1928602158147.0,87203093024.0,5042420397778.0,,41914135058.0,299779688236.0,1198835180678.0,1007219232845.0,869495265613.0,12699688750000,29945604954414,3761187996351.0,2023-Q4,,,-131545849438,-1623156391089.0,-52372482637.0,69317780976.0,,-912156645080.0,379618879870.0,,49713213411.0,882930232561.0,602100022731,13837894474107.0,16104205358010,,,29667280422306,515430000.0,582949832011.0,348405863076,2603082384726,9533935053243,2750000000.0,12382116875314,1433245828828.0,84181723091.0,60325276051932,60325276051932,,,8679208502528.0,4208629838475.0,531703625576,
,,1896440753051,8927001832356,,,,,,,,,,,,,,,,,,,,,,,,3359644957311.0,,,,,,,,,,,33707020718946.0,39531943273981,,5190116969064.0,,,,22580733074663,28405655629698.0,781166115536.0,,,4868732047232,7153625069795,2284893022563,12699688750000.0,92239834804.0,229678782310.0,1328956674102,,,,347081977338,282491025620.0,2663721541,,13261738918834,-51363368317,192096283.0,,,755457584159.0,,19638395845890.0,2750000000.0,1182003245562,,1757547511785,1278251861087,,,,2012251531833.0,2562675236710.0,,,1328956674102.0,172070230363.0,,3223296628954.0,,,656605379125,582878037.0,3426793863558.0,,,237407427718.0,,,134553566063.0,4771571633243.0,1179064868147.0,87203093024.0,4529333425055.0,,31144281527.0,289197032318.0,1183255126184.0,681220123792.0,1003092487869.0,12699688750000,28402905629698,3589458007695.0,2023-Q3,,,-138893241266,-1371830139589.0,-52372482637.0,36154179269.0,,-810601939661.0,287580645751.0,,49713213411.0,1164543242031.0,501875085943,18937892531470.0,19618195845890,,,33050415339821,50546966120.0,629748166454.0,419601591333,2585707569612,9819319720327,2750000000.0,12077071951731,1069087225876.0,47041860558.0,62112676348644,62112676348644,,,8388775579103.0,3198658610039.0,506465099172,
,,2178824846894,8039569359154,,,,,,,,,,,,,,,,,,,,,,,,2674269541836.0,,,,,,,,,,,31961501828355.0,38758396857258,,7663648414514.0,,,,21798289368274,28595184397177.0,789351485895.0,,,4116495111876,6236475101406,2119979989530,11043316220000.0,83376234795.0,227380785100.0,1758055535618,,,,316329471365,243810507550.0,25006269586,,12264589224222,-63772974808,192096283.0,,,693010132357.0,,20472141376989.0,2750000000.0,1196343189731,,2028260743417,1186162995340,,,,1962107657781.0,2432093749312.0,,,1758055535618.0,229405973901.0,,3045169826409.0,,,638835372784,729134337.0,3492345731610.0,,,228789446693.0,,,132677336296.0,4444628400075.0,1179064868147.0,87203093024.0,4501685335332.0,,30884265518.0,280432794993.0,1035254520683.0,618182641414.0,950333045093.0,11043316220000,28592434397177,2508104116971.0,2023-Q2,,,-150564103477,-1369231580684.0,-52372482637.0,1865193236.0,,-762287445920.0,345942050987.0,,49713213411.0,925737646121.0,601240983383,19315357110419.0,20451941376989,,,31322666455571,50562368657.0,516741835533.0,500907002679,2650557839970,9006465114763,2750000000.0,11043239764905,810546803780.0,41414280322.0,60556686225532,60556686225532,,,10666118581988.0,3002470167474.0,477098404828,
,,2236267337224,7918165205099,,,,,,,,,,,,,,,,,,,,,,,,2484313617981.0,,,,,,,,,,,23679982202458.0,29524492711606,,7713564820193.0,,,,21216668704842,27061179213990.0,841377905879.0,,,3068013165452,3289424451229,221411285777,10970265720000.0,63181791091.0,231842985934.0,1240583037748,,,,280295703398,174306692388.0,29262160342,,11983455355040,-41422767659,192096283.0,,,715362979924.0,,13880919245281.0,2750000000.0,1241552636223,,2085309446226,1134117262506,,,,2251512534598.0,2364550933343.0,,,1240583037748.0,312845373321.0,,3257209895051.0,,,636477445725,1002905644.0,3516501185403.0,,,223260548278.0,,,118220396437.0,4472360423478.0,1179064868147.0,87203093024.0,4512159868725.0,,28780542089.0,274630125271.0,995105902574.0,634283296673.0,1194702771309.0,10970265720000,27058429213990,1860796729871.0,2023-Q1,,,-150957890998,-1379053572890.0,-52372482637.0,2132345207.0,,-747991330676.0,335934158523.0,,49713213411.0,847818189824.0,662235154979,12043373564413.0,13860719245281,,,23043504756733,50766311424.0,503245874090.0,646447723206,2626774696342,9293933666296,2750000000.0,10712640558475,643415651157.0,86153771056.0,50741161416448,50741161416448,,,9207127401083.0,1493562580890.0,405706257428,
,,2121118039562,7977155596006,,,,,,,,,,,,,,,,,,,,,,,,3200401361855.0,,,,,,,,,,,26312427899207.0,30933924692832,,4103787447601.0,,,,20721483952116,25342980745741.0,1056142267072.0,,,3880860111126,6440177174268,2559317063142,10970265720000.0,78663541041.0,199252243559.0,1062188521735,,,,253404299067,154667513616.0,31623636433,,12032914964907,-40357533181,192096283.0,,,,,13046272272619.0,2750000000.0,1287060189954,,1965787736563,1079641024169,,,,2206534387270.0,2386837295565.0,,,1062188521735.0,1477830333990.0,,3251688307364.0,,,1778196752621,1189922137.0,3488252134893.0,,,225090876189.0,,,114879436367.0,4310620574492.0,1179064868147.0,87203093024.0,3741656433960.0,,27863907732.0,276273436689.0,981735303676.0,581315702898.0,741724414225.0,11019978933411,25340230745741,3187230376093.0,2022-Q4,49713213411.0,,-155330302999,-1351883375471.0,-52372482637.0,2763464633.0,,-701902009601.0,252582995783.0,,,904602037747.0,491097603761,10904344845014.0,13036072272619,,,24534231146586,882560901.0,409346699247.0,293039400616,3206184111365,8510152205706,2750000000.0,10714231138520,671666303957.0,186639395697.0,51655408644948,51655408644948,,,7704079785679.0,3600292338078.0,385749208732,407944847961.0
,,2296513265409,7096426530579,,,,,,,,,,,,,,,,,,,,,,,,3037948791488.0,,,,,,,,,,,31071333186539.0,35269474823622,,4107042407283.0,,,,19857626692533,24055768329616.0,495700244816.0,,,3482963103926,3737291803926,254328700000,10970265720000.0,72719206996.0,186100648991.0,955409408475,,,,271416719901,148132237634.0,30360484766,,11384340094228,-55305450641,192096283.0,,2750000000.0,,,20401532657693.0,2750000000.0,1182193133366,,2188156229832,709313832999,,,,2110592135654.0,2261588722773.0,,,955409408475.0,2082516102387.0,,3360604292956.0,,,2373472362591,1291670151.0,3264803928105.0,,,198477998944.0,,,110103965020.0,4160482918155.0,1178175536522.0,87203093024.0,3536220648006.0,,29984100889.0,249558811430.0,770339782743.0,524031475207.0,1033125403561.0,10970265720000,24053018329616,2785519774205.0,2022-Q3,,,-108357035577,-1024083375471.0,-52372482637.0,2543860378.0,,-610435677480.0,106405766046.0,,49713213411.0,1024689935015.0,913352865512,16248169308008.0,20389025847693,,,28697860823948,100614829000.0,427201606844.0,378829424777,2707442895626,8184661159428,,10171786476096,781880561029.0,19608196305.0,55127101516155,55127101516155,,,6953169466146.0,2846127058863.0,323529979594,422574249924.0
,,2307220887489,6459915737898,,,,,,,,,,,,,,,,,,,,,,,,2189183093048.0,,,,,,,,,,,32883878002931.0,37159706261306,,4104252874199.0,,,,19135844889011,23411673147386.0,505387173815.0,,,3951871648590,5219950154605,1268078506015,10970265720000.0,78305548917.0,182114045415.0,1398360432350,,,,233097944607,139922402269.0,32931396849,,10634895059784,-26957064643,192096283.0,,2750000000.0,,,21523717024582.0,2750000000.0,1086053755844,,2207460290255,703060297129,,,,2010791791855.0,1997596608810.0,,,1398360432350.0,2142433707043.0,,3130048656694.0,,,2467815712685,1505789237.0,3125055583509.0,,,177183560180.0,,,146806184152.0,3852246361314.0,1178174776366.0,87203093024.0,3358153528116.0,,33871581150.0,228050253580.0,717276380697.0,694418338558.0,875154679446.0,10970265720000,23408923147386,2315930149434.0,2022-Q2,,,-99760597234,-881583375471.0,-52372482637.0,4589741788.0,,-571288493481.0,114340944900.0,,49713213411.0,958081075235.0,692341801749,19720103859650.0,21520473393082,,,30416062290246,230514320000.0,397223198101.0,318135753389,2490789349091,7494546042667,,9515909907091,657180955849.0,20278980665.0,56295551150317,56295551150317,,,6595216750785.0,2490963876586.0,299774201931,437203651887.0
,,1949021697571,6583921977026,,,,,,,,,,,,,,,,,,,,,,,,2046286279076.0,,,,,,,,,,,32641897512034.0,36617350544580,,7005423492723.0,,,,18983948809040,22959401841586.0,554965942500.0,,,2854818888207,4825840656865,1971021768658,9075516490000.0,81104262587.0,175086330906.0,1191129843047,,,,235085766035,120728665376.0,4272874821,,10565697032867,-20961672908,192096283.0,,2750000000.0,,,21606372864508.0,2750000000.0,1116739928531,,1841894721430,567067242973,,,,2226875313670.0,1965581621372.0,,,1191129843047.0,2228486463502.0,,3311117191071.0,,,2504272082956,1843371213.0,3041553782870.0,,,187691154423.0,,,114068114607.0,3775623015431.0,1178174776366.0,87203093024.0,3276639548905.0,,35656814613.0,240576957028.0,708092273105.0,400867711582.0,793796862180.0,9075516490000,22956651841586,1638761384536.0,2022-Q1,,,-107126976141,-881583375471.0,-54729173818.0,5139928575.0,,-558811703785.0,147569337746.0,,49713213411.0,992312010535.0,613378448097,20476429866972.0,21606129233008,,,30137625429078,300496746655.0,394619151977.0,340903447190,2583192225305,7635393660172,,9444684229515,602757960142.0,42176082096.0,55601299353620,55601299353620,,,8244315683289.0,1238892190566.0,271297039032,451674038727.0
,,1623315328554,6211956510246,,,,,,,,,,,,,,,,,,,,,,,,2584339179470.0,,,,,,,,,,,32276466949020.0,35116784160545,,3966759430199.0,,-529995962239.0,,18579859430879,21420176642404.0,822135723104.0,,,3447377471942,5417845274047,1970467802105,9075516490000.0,89224688468.0,,1292046691473,,,,181642320580,87366215294.0,4842789874,,10398841278372,-22525874645,192096283.0,,,,,20730920735456.0,2750000000.0,1133060057847,,1507342901619,574902605021,,,,2016470719587.0,1931006629408.0,,,1292046691473.0,2296308494046.0,,3100458973524.0,,,2464879747669,2268758773.0,2972696947589.0,,,167244119883.0,,,40873965653.0,3477416153145.0,1178174776366.0,87203093024.0,4088197467085.0,,34908209574.0,219704534928.0,578555687236.0,556701160148.0,34762220000.0,9075516490000,21417426642404,2917949562129.0,2021-Q4,,,-115972426935,-847218375471.0,-54729173818.0,5230766819.0,,595810040192.0,112413880560.0,,49713213411.0,834210180258.0,710658541296,17799441187777.0,20730720735456,,,29811587201351,168939964952.0,290950472969.0,400846789036,2865954696781,6882319562187,2750000000.0,9260938430651,518558401360.0,31501405419.0,53696643591424,53696643591424,,-823760000.0,6997849946082.0,3031090515883.0,256103808848,
,,2075649392742,5827087167607,,,,,,,,,,,,,,,,,,,,,,,,2236178115087.0,,,,,,,,,,,27920744789189.0,30655506375345,,3964992308767.0,,,,17589371624276,20324133210432.0,328119669867.0,,,2936232673264,5446784083688,2510551410424,9075516490000.0,87001952153.0,119879763439.0,2775668094067,,,,120049037596,50255735224.0,2559686397,,8442954951887,-16213029123,192096283.0,,,,,16055501795066.0,2750000000.0,1080083677247,,1955072057943,517940941802,,,,1666577112307.0,1797807709833.0,,,2775668094067.0,1818552251255.0,,2754826446669.0,,,2029562969654,2574676673.0,2819282135701.0,380000000.0,,168588399483.0,,,105085421741.0,3340600465277.0,1178174776366.0,87203093024.0,2939331173297.0,,50749460183.0,220362896628.0,543530084801.0,640711514765.0,629749883333.0,9075516490000,20321383210432,2096418296648.0,2021-Q3,,,-120577334799,-709758375471.0,-54729173818.0,4728004968.0,,-520966179111.0,215004853907.0,,49713213411.0,884555621719.0,883273527253,15943319237854.0,16055301795066,,,25891181819535,260408900000.0,276299347871.0,338658818579,2019211729539,6654818353847,2750000000.0,7360311588243,557387300743.0,23430601278.0,48244877999621,48244877999621,,-823760000.0,6089271019675.0,2124278710908.0,243800135652,508002558873.0
,,1975988437987,5531866163327,,,,,,,,,,,,,,,,,,,,,,,,1864518601891.0,,,,,,,,,,,26922972857653.0,30007117024583,,3994895351529.0,,,,16973384026015,20057528192945.0,344425619867.0,,,2671613358430,4978881337221,2307267978791,9075516490000.0,80303148269.0,204224676753.0,2750511035739,,,,107814099860,4557313213.0,2823139478,,8292676926263,-6623756873,192096283.0,,,,,15532705379957.0,2750000000.0,1064378270830,,1849606883871,501599626887,,,,1968017053885.0,1344680826356.0,,,2750511035739.0,1800034282871.0,,2649059504770.0,,,1933314509743,93335081908.0,2350384683347.0,380000000.0,,326698907178.0,,,71815028095.0,3270651290604.0,1176568596721.0,87203093024.0,2458198783207.0,,51433459343.0,287712999088.0,970128295352.0,407999670715.0,632605399042.0,9075516490000,20054778192945,1547517480131.0,2021-Q2,,,-126381554116,-663838375471.0,-54729173818.0,5282329938.0,,-508045352446.0,174870638003.0,,49713213411.0,808921188341.0,918425150837,15361627338629.0,15532505379957,,,24989658347910,235416520000.0,707395219535.0,579927721506,2897707005266,6675995128182,2750000000.0,7225475515955,583342505961.0,22048597036.0,46980501050598,46980501050598,,-823760000.0,5900973399171.0,1906078047642.0,240684478781,496238868858.0
,,1760642156640,5277490091007,,,,,,,,,,,,,,,,,,,,,,,,1660701441418.0,,,,,,,,,,,24743977981996.0,27905525240833,,6387974897811.0,,,,16568753168985,19730300427822.0,398606526667.0,,,2631972515733,5162685900519,2530713384786,7839874860000.0,58541616669.0,194746840384.0,2519515958397,,,,116404949011,5940026922.0,2528271864,,8373230770473,-17762312970,192096283.0,,,,,14057881981618.0,2750000000.0,1084776534257,,1638474324623,462731536495,,,,2112400428879.0,1202989742312.0,,,2519515958397.0,1674335919096.0,,2804530745720.0,,,1775945290314,93568407678.0,2285753665693.0,380000000.0,,245989451844.0,,,50316202477.0,3092414808669.0,920081410199.0,87203093024.0,2402158614704.0,,39744054003.0,206770217984.0,995606087754.0,382430360018.0,603967552923.0,7839874860000,19727550427822,1029861069699.0,2021-Q1,,,-122167832017,-511059425471.0,-54729173818.0,5416991533.0,,-492493006954.0,201240542132.0,,49713213411.0,888720317812.0,677215380800,14804786460957.0,14057681981618,,,22968032691682,,670749876274.0,467365468959,2401469243166,6051076946319,2750000000.0,7285925964352,464459732344.0,73912501141.0,44474278409818,44474278409818,,-823760000.0,7294117578994.0,906142681183.0,250943710339,223327627847.0
,,1405083502315,5587937422952,,,,,,,,,,,,,,,,,,,,,,,,1962051574530.0,,,,,,,,,,,23146723671078.0,25608346381474,,4049855354551.0,,,,16141090782024,18602713492420.0,620374857303.0,,,2215419285080,4684867868361,2469448583281,7839874860000.0,64245054184.0,197972680487.0,2373393296565,,,,135223776166,872095321.0,2902077617,,8317998687965,13497025190,192096283.0,,,,,12436118124269.0,2750000000.0,1095369004232,,1290091524352,440634735853,,,,1980817143237.0,927787136286.0,,,2373393296565.0,677796913413.0,,2605504854052.0,,,764559047657,93992225574.0,2266063078923.0,380000000.0,,242872863326.0,,,41124555530.0,2859152779020.0,920081410199.0,87203093024.0,2401286855089.0,,38492884032.0,203229811570.0,934444320872.0,726345174792.0,459208893239.0,7839874860000,18599963492420,1999612928141.0,2020-Q4,,,-114991977963,-303299425471.0,-54729173818.0,6080503078.0,,-626962878219.0,206407715175.0,,49713213411.0,779777262789.0,463125962596,12062410192740.0,12435918124269,,,22382164623421,185532228683.0,620955206480.0,459336196478,2858901791270,6263024543620,2750000000.0,7219727606116,638912109901.0,45174624112.0,41749437163498,41749437163498,,-823760000.0,6390630135723.0,2340774781172.0,268314490280,200034225027.0
,,1375484867442,5144996812664,,,,,,,,,,,,,,,,,,,,,,,,1928160563279.0,,,,,,,,,,,19576055665489.0,22473334313473,,4072298613058.0,,,,15284122357685,18181401005669.0,270406688697.0,,,2358776250450,4306782189437,1948005938987,7839874860000.0,81086323539.0,268083993726.0,2619085803954,,,,35295339091,8227915038.0,3088289171,,7238790571133,-9218848167,192096283.0,,,,,9991023495588.0,2750000000.0,1101276533243,,1295548177189,330124830708,,,,1910490057651.0,922165806267.0,,,2619085803954.0,753066378324.0,,2529556438447.0,,,1024243783717,91149360800.0,2283037199946.0,380000000.0,,371632861351.0,,,111993252732.0,3118599246246.0,920081410199.0,87203093024.0,2318332539037.0,,143523188085.0,334832674369.0,949407713265.0,402819217046.0,529154815368.0,7839874860000,18178651005669,1667238090981.0,2020-Q3,,,-79936690253,-303299425471.0,-54729173818.0,7240953255.0,,-476454579005.0,121528796721.0,,49713213411.0,793407834611.0,396225538416,10256051493688.0,9990823495588,,,18551811881772,21168790.0,657711658110.0,464970526451,2090063650030,5930772737994,2750000000.0,6134425748719,544823684764.0,65152709806.0,37757456671158,37757456671158,,-823760000.0,5843096960248.0,1770798347190.0,226543345349,206724143763.0
,,1375253714502,5005576254722,,,,,,,,,,,,,,,,,,,,,,,,1614462947541.0,,,,,,,,,,,18009082670732.0,20974738294596,,4119024056110.0,,,,14938070369160,17903725993024.0,276812508948.0,,,2107172844328,4180454757893,2073281913565,7839874860000.0,82801015777.0,276042606836.0,2233265003791,,,,34303430067,8238522578.0,2122993365,,7365996280591,-19958864615,192096283.0,,,,,8823220085750.0,2750000000.0,1141615795798,,1300202611747,342769607414,,,,1890355276994.0,865250071864.0,,,2233265003791.0,803273190638.0,,2451568314545.0,,,1017288035899,91148113400.0,2291095492149.0,380000000.0,,348427785518.0,,,71474299291.0,2944452240481.0,912977796599.0,87203093024.0,2325398922216.0,,126474179639.0,311628845936.0,867227145461.0,489247068777.0,522710577339.0,7839874860000,17900975993024,1203886575748.0,2020-Q2,,,-75051102755,-304037034313.0,-54729173818.0,7635747470.0,,-432907776281.0,100526097313.0,,49794213509.0,769826846943.0,383308792651,9571890414760.0,8823220085750,,,16991794634833,,648377095553.0,432212031129,2035189882156,5803633693745,2750000000.0,6222257491428,463842484219.0,42198284566.0,35912808663756,35912808663756,,-823760000.0,5744686806612.0,1625662750502.0,176651765342,213414062499.0
,,1285598030749,5475512786593,,,,,,,,,,,,,,,,,,,,,,,,1709068403453.0,,,,,,,,,,,16785979311456.0,19577485114153,,5940306799772.0,,,,14839183674775,17630689477471.0,288905859163.0,,,2540183607656,3891505567427,1351321959771,6817504780000.0,43629999740.0,333311493155.0,2012880105534,,,,40271503113,,2417060648,,7331928850009,-10209125709,192096283.0,,,,,6943402877397.0,2750000000.0,1161769003900,,1209839863299,325350984284,,,,1976755263785.0,912250071864.0,,,2012880105534.0,778966375255.0,,2579220701049.0,,,947824795905,84637936400.0,2323596176561.0,380000000.0,,331255073782.0,,,50585583044.0,2890445222074.0,765332464859.0,102985531790.0,2363867679674.0,,110910655259.0,300966311200.0,945030511635.0,373932172137.0,548475210208.0,6817504780000,17627939477471,656579582688.0,2020-Q1,,,-75758167450,-309784634600.0,-54729173818.0,7170086064.0,,-373559994289.0,150972477717.0,,49941441360.0,760834942407.0,356641092429,9110750395492.0,6943402877397,,,15838154515551,230160921124.0,736072415840.0,373805877604,2047129226600,6587706294395,2750000000.0,6167742785461,339710363725.0,24079099823.0,34416668788928,34416668788927,,-823760000.0,6687411938813.0,747105139041.0,184878995972,220031264727.0
,,1349958901393,5740489120848,,,,,,,,,,,,,,,,,,,,,,,,2091081179767.0,,,,,,,,,,,16783930959035.0,19038081282518,,2766029571748.0,,,,14620661733724,16874812057207.0,547169583004.0,,,2613075178399,3457655751733,844580573334,6783586880000.0,66948430128.0,429317958549.0,1650470873492,,,,40251284363,,2845085816,,7491241713294,-12302588093,192096283.0,,,,,6777898508889.0,2750000000.0,1193931643291,,1284200733943,307526573229,,,,1912712694571.0,893623994517.0,,,1650470873492.0,349769099942.0,,2496552054487.0,,,492617960249,427917600.0,2494699086503.0,380000000.0,,221517306313.0,,,42777167223.0,2835086436716.0,780914628944.0,102985531790.0,2534950370866.0,,92105961472.0,275438562531.0,997870072369.0,262162607300.0,434621988684.0,6783586880000,16872062057207,1536027351242.0,2019-Q4,,,-65758167450,-309784634601.0,-54729173818.0,7773635329.0,,-361515614753.0,168142079534.0,,75622928032.0,495730160316.0,383562042162,7515958654008.0,6777898508889,,,16291312998786,2717176861.0,694014932979.0,274825585395,2678550720271,6520456215584,2750000000.0,6294464984187,545980191054.0,128100626941.0,33658743016242,33658743016242,,-823760000.0,5999465426589.0,3233435854841.0,175754512449,225929415272.0
,,1491094975154,5586776779645,,,,,,,,,,,,,,,,,,,,,,,,1870003255199.0,,,,,,,,,,,16025694080600.0,18431909603327,,3949233834704.0,,,,13844914861433,16251130384160.0,191132872699.0,,,2416994911003,3230352153676,813357242673,6783586880000.0,47915602389.0,283478423283.0,1780992485408,,,,38988752556,,3177472561,,7184933236936,9119627402,192096283.0,,,,,6305339416212.0,2750000000.0,1260561424991,,1425172257953,221554262398,,,,1880920418514.0,893623994517.0,,,1780992485408.0,435530138322.0,,2479487378717.0,,,621256515747,27000000000.0,1788546498680.0,,,249946553286.0,,,72665278823.0,2671305243641.0,777869243918.0,87229090504.0,1827535251236.0,,104802153243.0,277675727104.0,955133981878.0,516195398530.0,543711556443.0,6783586880000,16248380384160,938386722765.0,2019-Q3,,,-65922717201,-295057034314.0,-54729173818.0,8066849076.0,,-297592168924.0,16370867880.0,,49465703201.0,747756179527.0,374475950305,8217017165227.0,6305339416212,,,15404437564853,548229100.0,754311711208.0,398988974061,2035447166969,6515911793608,2750000000.0,5921194339384,449736383363.0,81114940156.0,32276824464760,32276824464760,,-823760000.0,5649074093096.0,1699840258392.0,119707330514,322019955850.0
,,1580294933153,5397987665256,,,,,,,,,,,,,,,,,,,,,,,,1651086267511.0,,,,,,,,,,,14570321210316.0,17849605068190,,3949181671422.0,,,,12526152004775,15805435862648.0,194565220334.0,,,2807554223819,3081007361357,273453137538,6783586880000.0,47905634871.0,270618899526.0,1441726753683,,,,40254913575,,2482141875,,6913929593779,15570456494,192096283.0,,,,,5892075944888.0,2750000000.0,1287370903240,,1508550852201,221229437401,,,,1783341048219.0,847143994517.0,,,1441726753683.0,278034243597.0,,2347928008422.0,,,454227047873,,1354729415894.0,,,114090708904.0,,,63709935692.0,2492378126833.0,786858519093.0,87230268654.0,1394984329469.0,,104282436256.0,168819882722.0,915066672199.0,406173423100.0,641278144375.0,6783586880000,15802685862648,777213901897.0,2019-Q2,,,-71744080952,-282557034314.0,-54729173818.0,8008336045.0,,-281295131218.0,16036128457.0,,49465703201.0,771550908554.0,504493867819,7273258811787.0,5892075944888,,,14116094162443,50781019440.0,737160640080.0,373533640166,2108353853968,6452904237545,2750000000.0,5624076548664,365456144145.0,51909015346.0,30375757072965,30375757072964,,-823760000.0,5367190230972.0,1418008559550.0,125997016773,313492610518.0
,,1526103850227,4934992791272,,,,,,,,,,,,,,,,,,,,,,,,1528205605447.0,,,,,,,,,,,13215557898357.0,16918516176002,,5285828002392.0,,,,11829804916474,15532763194118.0,237357116334.0,,,2130553810097,2678204837715,547651027618,6136367720000.0,45476832702.0,250557118894.0,1370823988622,,,,36810620517,336241500.0,2332698128,,6690492920734,5433265892,192096283.0,,,,,5727896026412.0,2750000000.0,1316205133097,,1465488400196,226332643971,,,,1722401264461.0,,,,1370823988622.0,346870919847.0,,2289488224664.0,,,506381843684,79230653.0,998691329918.0,,,126032832386.0,,,53259269353.0,2443815265047.0,670060405250.0,87229672044.0,1035501950435.0,824643994517.0,98468688054.0,180682775551.0,1174435432461.0,341030136562.0,677417672483.0,6136367720000,15530013194118,541512365833.0,2019-Q1,,,-60615450031,-257557034314.0,-54729173818.0,7254628647.0,,-270528049495.0,23424670775.0,,49465703201.0,744057749193.0,627012826668,6585118717633.0,5727896026412,,,12709176054673,925510658.0,1014072327438.0,279126435406,1742572404407,5872491479218,2750000000.0,5371955089509,293407629119.0,16945592352.0,28748321092476,28748321092475,,-823760000.0,5912132278713.0,626304276321.0,143417512671,317464999633.0
,,1401302666378,5561140201834,,,,,,,,,,,,,,,,,,,,,,,,1610921248698.0,,,,,,,,,,,14963120976839.0,18373436282759,,3515481219968.0,,,,11352494084645,14762809390565.0,452173917022.0,,,2704220233385,3926316297829,1222096064444,6136367720000.0,46755636205.0,251954356007.0,1174778083753,,,,37229856110,335327364.0,3024593397,,6513735578258,5539231746,192096283.0,,,,,5567995714107.0,2750000000.0,1303585034755,,1340687216347,223908928276,,,,1676231689527.0,793360844792.0,,,1174778083753.0,366793322852.0,,2202466649730.0,,,530946393936,392794707.0,988477952687.0,,,109788240927.0,,,46805654155.0,2301815230563.0,667035271273.0,87230283704.0,1025707808797.0,,108962237984.0,164124620038.0,1114432004386.0,336615389409.0,656239850891.0,6136367720000,14760059390565,1195445438205.0,2018-Q4,,,-60615450031,-267125884589.0,-54729173818.0,7857755298.0,,-264666908906.0,31354115546.0,,49465703201.0,841818881252.0,418652248691,6603319589348.0,5567995714107,,,14432174582903,910049188.0,960963814812.0,218427501076,2510848379420,6424005050090,2750000000.0,5207125950106,384269739107.0,14655587559.0,29725930367404,29725930367404,,-823760000.0,5289520781802.0,1774039561834.0,138812602015,326017723180.0
,,1548591192845,4528134142815,,,,,,,,,,,,,,,,,,,,,,,,1457586563762.0,,,,,,,,,,,13916060196857.0,17461655201328,,3561453681597.0,,,,10619213737485,14164808741956.0,169355751843.0,,,2414203134665,3982145134665,1567942000000,6136367720000.0,22103359702.0,302501200783.0,1114004513698,,,,38261815886,337156047.0,2916435006,,5601853847035,22286595244,192096283.0,,,,,5067136124622.0,2750000000.0,823284952903,,1545244045730,167094186985,,,,1584505840050.0,749521251289.0,,,1114004513698.0,302022093735.0,,2000007909095.0,,,555978690573,,892811476111.0,,,254769962478.0,,161551680000.0,144131901873.0,2292337007819.0,631969693052.0,87248317474.0,931073291997.0,,107084562160.0,147947456296.0,1162339111731.0,372252000760.0,874036723665.0,6136367720000,14162058741956,921464864946.0,2018-Q3,,,-3347147115,-334019182244.0,-54729173818.0,2210880475.0,,-244054518975.0,5040725678.0,,49465703201.0,876558995840.0,611546728222,6716837131564.0,5067136124622,,,13360081506284,,975412895475.0,244173236292,1899540092890,5704790784580,2750000000.0,4775652459126,307795291077.0,19396053560.0,28080868938813,28080868938813,,-823760000.0,4776113278181.0,1214659596584.0,167530162696,717504213182.0
,,1279505398922,4226917957363,,,,,,,,,,,,,,,,,,,,,,,,1329507438427.0,,,,,,,,,,,12400576249250.0,16757931160407,,3567209383296.0,,,,9528214377917,13885569289074.0,174161975906.0,,,2414897073339,4060090013409,1645192940070,6136367720000.0,22992601562.0,320334466918.0,975399987091,,,,38473468015,332481380.0,3177674790,,5418766783628,17135477127,192096283.0,,,,,4866280283759.0,2750000000.0,832386084490,,1276158251807,167077476888,,,,1498426522640.0,749364823537.0,,,975399987091.0,404863295760.0,,1925316091686.0,,,498908528396,,854881589772.0,,,246396148990.0,,161551680000.0,83483091724.0,2123891391702.0,631969693052.0,87230135824.0,893355057787.0,,7499794396.0,139573642808.0,1125847981061.0,273073631807.0,860480152541.0,6136367720000,13882819289074,717908322257.0,2018-Q2,,,-3347147115,-322475254491.0,-54729173818.0,2537768853.0,,-213179482425.0,5145730117.0,,49465703201.0,968626938378.0,576244037368,5971944040829.0,4866280283759,,,11901667720854,,940997401052.0,235001535974,1618107863526,5429554630371,2750000000.0,4583203024348,243955140677.0,37482924362.0,26286145538324,26286145538324,,-823760000.0,4670505451280.0,1103296067984.0,147367655647,68980308735.0
,,1184516592782,4294239451525,,,,,,,,,,,,,,,,,,,,,,,,1275503032848.0,,,,,,,,,,,11111083511698.0,15891378282225,,5510660958805.0,,,,9119541571431,13899836341958.0,223076342833.0,,,1543897642209,3076144406971,1532246764762,5309611050000.0,20401408500.0,397506401676.0,970306572989,,,,39306334622,2864161020.0,3495231807,,5189934475460,16226773656,192096283.0,,,,,4798538245584.0,2750000000.0,645045142248,,1181169445667,173708814233,,,,1411807900711.0,749294842700.0,,40000000000.0,970306572989.0,491988687629.0,,1850084969756.0,,,587125681879,,822692250912.0,,,247216967692.0,,161551680000.0,48843957931.0,1954162280226.0,287829523052.0,87231276674.0,861998585534.0,,407510920.0,140394461510.0,1125890575501.0,289020263287.0,936916307722.0,5309611050000,13897086341958,650692627199.0,2018-Q1,,,-3347147115,-311017773655.0,-54729173818.0,2829268096.0,,-196122158912.0,5390121823.0,,49465703201.0,596563173742.0,650265625121,4993557964115.0,4798538245584,,,10523957829819,,879062494371.0,277095606491,1619004057743,5709635608502,2750000000.0,4541394101405,200483212608.0,94914468583.0,25010919853656,25010919853656,,-823760000.0,6019674680916.0,509013722111.0,151913612547,
,,1006126622804,5044867856718,,,,,,,,,,,,,,,,,,,,,,,,1295200401169.0,,,,,,,,,,,11790285012042.0,16053004009331,,3323086196728.0,,,,8972219294530,13234938291819.0,326174787726.0,,,1886422216827,3480646512895,1594224296068,5309611050000.0,20380725175.0,431581193340.0,805559896217,,,,60434405941,2853492585.0,3656116414,,5264443175635,10084320702,192096283.0,,,,,4379446212073.0,2750000000.0,658135845974,,1002295093871,172002871735,,,,1337458410712.0,749259852282.0,,40000000000.0,805559896217.0,565209817637.0,,1787122979757.0,,,660955923353,,812192797375.0,,,242466039605.0,,161551680000.0,47796539629.0,1809385579397.0,287829523052.0,87230351424.0,872627203316.0,,1525469921.0,135643533423.0,1028437592804.0,439498762823.0,770305548978.0,5309611050000,13232188291819,829188594250.0,2017-Q4,,,-3831528933,-299595283237.0,-54729173818.0,3378507298.0,,-180518797387.0,6051424047.0,,49465703201.0,918852771526.0,561261495876,4116988708324.0,4379446212073,,,11129329088689,,759958005740.0,95942796039,2294193681352,6162178597688,2750000000.0,4602651213247,321537736421.0,111743332877.0,25025223303861,25025223303861,,-823760000.0,5507402652308.0,2184316455580.0,156736254187,
,,4439874335978,5596053916213,,,,,,,,,,,,,,,,,,,,,,,,1369663229083.0,,,,,,,,,,,16659920638433.0,21767021262664,,3376580602917.0,,,,7926685854116,13033786478347.0,86265329378.0,,,2326716877273,5224202887296,2897486010023,5309611050000.0,42344283532.0,406532304064.0,736657752016,,,,74613637072,3446138880.0,3571371949,,4905909566853,3053974893,192096283.0,,,,,3482892785832.0,2750000000.0,590037542654,,4394372633733,128954169510,,,,306433317342.0,749270143582.0,,40000000000.0,836963883156.0,666028478383.0,,785373395694.0,,,891020914323,,1004747975953.0,,100306131140.0,319077395388.0,,161551680000.0,67076467326.0,2403256247224.0,119453610000.0,87230025354.0,1079361613025.0,,111123175949.0,211226543616.0,1352810944174.0,612729485152.0,1023668002547.0,5309611050000,13031036478347,702307182659.0,2017-Q3,,,-45501702245,-275454894270.0,-53700828228.0,3154557502.0,,-218048230826.0,6927612385.0,,49465703201.0,687545069538.0,605986311096,7916804619692.0,3477767956792,,,15768899724110,,854958251653.0,509660848671,3300079093398,7317866840669,2750000000.0,4312300652250,438247508197.0,114273670489.0,29693707116780,29693707116780,,-823760000.0,4930835458165.0,1554254855248.0,383579022032,
,,4232635876808,4998052898544,,,,,,,,,,,,,,,,,,,,,,,,1242897628687.0,,,,,,,,,,,15895578198903.0,20220919501796,,3384447051022.0,,,,7824884427173,12150225730065.0,85992983053.0,,,2141101193725,4577961502901,2436860309176,5309611050000.0,33832474147.0,411845927352.0,849060798644,,,,78711329901,3447393990.0,2978733181,,4750596377970,-173179759,192096283.0,,,,,3361115859529.0,2750000000.0,399687140980,,4178402190496,129518486984,,,,301502449387.0,751374260101.0,,37000000000.0,926793238354.0,967277281663.0,,795947354918.0,,,1157276470811,,962421353612.0,,77732439710.0,310414772418.0,,161551680000.0,34053824384.0,2144162072539.0,119453610000.0,87229123754.0,1041132683513.0,,109439856131.0,202563920646.0,1287356216076.0,454406923512.0,1095361468050.0,5309611050000,12147475730065,594806784514.0,2017-Q2,,,-54233686312,-256929354570.0,-53700828228.0,5866018360.0,,-192418246993.0,5729399330.0,,49465703201.0,672092308294.0,547311184469,7887844050852.0,3361115859529,,,14738301728092,,811372551157.0,503241685841,2969928091412,6816083732794,2750000000.0,4347930503809,243459899822.0,117397271084.0,28045803928969,28045803928968,,-823760000.0,4309032623346.0,924585572324.0,358586393835,
,,4892326445708,4599370823639,,,,,,,,,,,,,,,,,,,,,,,,1219993113660.0,,,,,,,,,,,16023450273064.0,20264901139315,,4606557230591.0,,,,7739026250158,11980477116409.0,132887507096.0,,,1574048600333,4035911405009,2461862804676,4594266840000.0,28859625838.0,,966375841994,,,,89398425050,496616890.0,2804850161,,4472327146696,11068007864,192096283.0,,,,,4208375623745.0,2750000000.0,416327935106,,4835067582313,130632143747,,,,299993063403.0,752562393141.0,18830163726.0,34000000000.0,1016579242162.0,1018757872462.0,,814313827706.0,,,1187924745411,,960396905053.0,,50203400168.0,386010703491.0,,242327520000.0,,2029550890382.0,56882670000.0,87227503294.0,1049795330103.0,,110516438097.0,197384011719.0,1270746750727.0,347565144141.0,545396705828.0,4594266840000,11977727116409,367317703340.0,2017-Q1,,,-57258863395,-238241628838.0,-53700828228.0,5131557953.0,,-160790774139.0,7002634497.0,,49465703201.0,684222128754.0,574341969779,8894176678529.0,4208375623745,,492042609637.0,14835525527653,,762101695894.0,438780412556,2363662978789,5914799777521,2750000000.0,4053194361429,215496043230.0,126392370243.0,28003927389473,28003927389473,,-823760000.0,5019457117921.0,412899887330.0,382252684590,
,,4595745337778,5015083511889,,,,,,,,,,,,,,,,,,,,,,,,1365723512818.0,,,,,,,,,,,18464443603083.0,22082043377930,,3139924262112.0,,,,7830410830267,11448010605115.0,318900001812.0,,,2707946518879,5530631337393,2822684818514,4594266840000.0,20610561286.0,621152412137.0,991387548029,,,,89362107602,1666814550.0,2463716693,,4581152271885,-5875468099,192096283.0,,,,,3976466435554.0,2750000000.0,456220888149,,4532523674211,126825173804,,,,289799251298.0,756802393141.0,,54229591822.0,1005625686037.0,764018642492.0,,805462009802.0,,,992503940259,,1007526108358.0,,14238138008.0,341282646583.0,,242327520000.0,12305331089.0,1922952382942.0,,87227200764.0,1096888215960.0,,154480926556.0,152655954811.0,1228704529014.0,370367655734.0,878266508809.0,4594266840000,11445260605115,811026908156.0,2016-Q4,,,-63221663567,-241923675167.0,-53700828228.0,5610537467.0,,-314623794378.0,7733835968.0,,49465703201.0,578923681455.0,619738720597,9175453147807.0,3975682395024,,,17471939662824,,702763037416.0,614622803831,3860660694971,6814501442288,2750000000.0,4122467667043,342800942220.0,123021667864.0,29912454208197,29912454208198,,-823760000.0,4671222532503.0,1531298270391.0,402919823734,
,,4564524570864,4536924741210,,,,,,,,,,,,,,,,,,,,,,,,1241832663185.0,,,,,,,,,,,15434638528758.0,18913791763597,,3380385360112.0,,,,7484135769767,10963289004606.0,90586406986.0,,,1956900471273,4675450843741,2718550372468,4594266840000.0,30727871721.0,457237639932.0,909877501036,,,,82405801146,,2596467369,,4472559218947,6848324281,192096283.0,,,,,2907899775232.0,2750000000.0,304947285605,,4465072599458,68353080804,,,,283225326745.0,683430917721.0,,54260013733.0,924041795669.0,797143763677.0,,747707523862.0,,,1087653567278,,913512661074.0,,14164294633.0,343908769069.0,,242327520000.0,75639599835.0,1904655208078.0,,87228123064.0,995918462220.0,,153959774751.0,155282077297.0,1085431403053.0,391660164061.0,582616034332.0,4594266840000,10960539004606,417767704005.0,2016-Q3,,,-99451971406,-218948720604.0,-53700828228.0,6458318999.0,,-314000035077.0,12016384632.0,,49465703201.0,573123253143.0,491707613042,7732115769330.0,2907899775232,,,14346984961480,,674460444070.0,517158761716,3143404807946,5779937142113,2750000000.0,4165015465973,222042323429.0,120480397496.0,26397927533364,26397927533364,,-823760000.0,4250545485178.0,870160125067.0,290490561487,
,,4774409637783,4242145217252,,,,,,,,,,,,,,,,,,,,,,,,1246781398098.0,,,,,,,,,,,14434112158621.0,17801376676328,,3388305599910.0,,,,7543128306561,10910392824269.0,110041663282.0,,,1557235903894,3875543217939,2318307314045,4594266840000.0,18226516154.0,458676063320.0,868317053565,,,,175290217277,,2692353405,,4485984585934,12637304288,192096283.0,,,,,,2750000000.0,300714301594,,4693664582214,74545823741,,,,276930524506.0,,,54000000000.0,882477803298.0,854443052022.0,,739068597834.0,,,1128412481633,,896082789432.0,,14160749733.0,364224312786.0,,242327520000.0,55917924570.0,1840324148307.0,,87228024484.0,1071373006709.0,653932954088.0,157372178718.0,175747621014.0,1153711838143.0,318750434730.0,555974157952.0,4594266840000,10907642824269,368340669423.0,2016-Q2,,,-80745055569,-191794880760.0,-53850828228.0,6487230040.0,,-302005149151.0,8432451605.0,,49465703201.0,602456088552.0,462307513060,7461561358475.0,2736219157412,,,13305699676988,,743512083028.0,387447591247,2519575997154,5342237880620,2750000000.0,4182577930935,189225586455.0,23547574538.0,25344504982889,25344504982890,2736219157412.0,-823760000.0,4249998740248.0,861693140339.0,386652180577,
,,5167886929063,3821029937336,,,,,,,,,,,,,,,,,,,,,,,,1023421987098.0,,,,,,,,,,,14052382733259.0,17461658575147,,4387303338083.0,,,,7233794788358,10643070630248.0,147931812472.0,,,1522991519061,3429950285189,1906958766128,3975316400000.0,,493711275286.0,762448200910,,,,164887326527,,2402260491,,4386355015955,8464138254,192096283.0,,,,,2223028355804.0,2750000000.0,304027227627,,5088588279987,79481602212,,,,276850648326.0,586335847019.0,,54000000000.0,776607169643.0,791606072465.0,,687941279267.0,,,1104289940442,,863111812153.0,,14158968733.0,354892184813.0,,242327520000.0,84412721697.0,1708194645592.0,,87228518204.0,1027999138680.0,,167631847592.0,166415493041.0,1764615476252.0,321617012984.0,691976469939.0,3975316400000,10640320630248,343062786684.0,2016-Q1,,,-79298649076,-175245216078.0,-53850828228.0,6447202405.0,,-290608560508.0,17316185569.0,,49465703201.0,503916297200.0,448010225764,7381113092311.0,2223028355804,15096905994.0,,12948092792817,,751323579952.0,239367055862,2573113257527,4955476177915,2750000000.0,4079925527837,173493229214.0,23779476538.0,24695453363505,24695453363507,,-823760000.0,4732993382785.0,345690044702.0,989512419762,
,,5342839679944,4523322427821,,,,,,,,,,,,,,,,,,,,,,,,1292433907853.0,,,,,,,,,,,15804967695556.0,19209379831470,,3923405688441.0,,,,6773824789251,10178236925166.0,318157216447.0,,,1879394384865,3584709151768,1705314766903,3975316400000.0,12916413403.0,714970338348.0,630307838143,,,,216669723781,,1737003927,,4331209412185,5436409370,192096283.0,,,,,2659240824447.0,2750000000.0,319114014810,,5278907642802,79748336612,,,,271434002318.0,610236272675.0,293604497.0,54207388091.0,630307838143.0,681199048432.0,,689880790535.0,,,1000017015289,,791017761199.0,,,114739263408.0,,,78529850150.0,1592194992858.0,,87227790014.0,1007687484980.0,,178990063486.0,168590091636.0,1965780155376.0,177524630215.0,518947894270.0,3975316400000,10175486925166,728142310245.0,2015-Q4,,,-63932037142,-191789484458.0,-53850828228.0,6604964350.0,,-282202226182.0,16952179257.0,,49465703201.0,582507615119.0,410040018332,8124598534499.0,2659240824447,,,14804950680267,,841035070964.0,245703622820,2823393146909,5720742057077,2750000000.0,4010358393448,318284707988.0,20439592032.0,25983204620721,25983204620722,,-823760000.0,4386921053111.0,463515364670.0,1104305492380,
,,4794388751194,3772439435248,,,,,,,,,,,,,,,,,,,,,,,,1179882885972.0,,,,,,,,,,,13704990939995.0,16827486019096,,,,,,6849675532914,9972170612015.0,93498644231.0,,,1288273331126,3015692853195,1727419522069,3975316400000.0,22255792859.0,800538114694.0,547824777839,,,,151098801455,,1838546670,87228513544.0,4229965401954,-18244295014,192096283.0,,,,,,2750000000.0,290549735653,,4738188245711,78776566683,,,,264108180666.0,,,,547824777839.0,519455092705.0,,785343869534.0,,,698935899161,,707275398374.0,,,,,,,1537494021384.0,,,1082950413939.0,695530614297.0,179275805173.0,,1979399942523.0,194216981648.0,490253102135.0,3975316400000,9969420612015,326067036808.0,2015-Q3,,,-56200505483,-183700422549.0,,12905000.0,,-349031476095.0,30478770511.0,,49465703201.0,540845247915.0,616530102872,7123584157075.0,1912645754176,,,13006055040834,,708889715131.0,564233292270,2691553729812,5278432468252,2750000000.0,3937577119631,187141691131.0,13681331246.0,23677161552010,23677161552010,1922051251296.0,-823760000.0,4260207462217.0,,1063082406624,315879176703.0
,,4886284578114,3812638923504,,,,,,,,,,,,,,,,,,,,,,,,1021791803739.0,,,,,,,,,,,12657393909105.0,16240764508172,,,,,,6340841830217,9924212429284.0,100906489193.0,,,1489000786028,2991140629461,1502139843433,3975316400000.0,17655440893.0,701368276803.0,500322434680,,,,144281032249,,1633004965,87203093024.0,3878758535666,-10534615735,192096283.0,,,,,,2750000000.0,302681291326,,4810242901708,79577834395,,,,258035878013.0,,,,500322434680.0,137329926616.0,,787760786572.0,,,317988405822,,624616478052.0,,,,,,,1440139812996.0,,,935816770931.0,695254807470.0,180453477923.0,,1924912002204.0,161943150640.0,625476359405.0,3975316400000,9921462429284,326860841758.0,2015-Q2,,,-76041676406,-174935396031.0,,12905000.0,,-328515382719.0,31939141001.0,,49465703201.0,416229528571.0,574130962313,6203353547591.0,1243877434176,,,12339405503283,,686789378296.0,575037755766,3313335171460,5386005932759,2750000000.0,3574444239375,171259426124.0,19969088786.0,22581606338389,22581606338389,1253282931296.0,-823760000.0,4301117961403.0,,987324750850,321642932683.0
,,4904241036142,3552631091132,,,,,,,,,,,,,,,,,,,,,,,,925515828125.0,,,,,,,,,,,12362567785625.0,16319850549250,0.0,0.0,0.0,0.0,0.0,5886209643198,8380860246563.0,126844415275.0,1462632160260.0,0.0,1883475997895,3995053828972,2111577831077,3439766000000.0,13385373041.0,521284133084.0,536053403893,0.0,0.0,0.0,158483996374,22374562308.0,1746009518,0.0,3456501079353,12990177425,192096285.0,0.0,0.0,,0.0,899876331275.0,2750000000.0,297976341516,0.0,4837488741165,81269289338,,0.0,0.0,258318068882.0,698151894475.0,1973149253.0,54000000000.0,536053403893.0,171743031342.0,0.0,798044036973.0,0.0,0.0,519083313647,0.0,533631265450.0,200000000.0,0.0,13420067023.0,0.0,2937569818.0,57655454273.0,0.0,0.0,87203093024.0,817453472762.0,0.0,211132115186.0,64824149455.0,1713620614602.0,210754546079.0,349073082114.0,3439766000000,8378110246563,178527039249.0,2015-Q1,0.0,0.0,-66752294977,-158425926384.0,-54541652250.0,12905000.0,0.0,-253961004431.0,37166516758.0,0.0,49465703201.0,430595462295.0,607423352524,6745213941326.0,899876331275,0.0,0.0,11843484471978,0.0,626618116828.0,737651388801,2409729825366,4906678690700,2750000000.0,3156778728319,158328171940.0,46960819916.0,22206060192448,22206060192448.0,0.0,-823760000.0,4708239743575.0,0.0,974306362930,327406688663.0
,,4652333244983,4005225417438,,,,,,,,,,,,,,,,,,,,,,,,1004752580262.0,,,,,,,,,,,13405222234145.0,16961911296831,,,,,,5697774385606,7909989732017.0,209216273528.0,1344473716274.0,,2072206319316,4303014447769,2230808128453,,15756096426.0,522982860079.0,537241674698,,,,135570189513,1263188007.0,740441475,87203093024.0,3837788188637,-12569673745,192096283.0,,,,,,2750000000.0,301803730735,,4572636184140,79400040851,,,,251078173392.0,,,,,142418459294.0,,796508947186.0,,,342335780657,,523437534683.0,,,,,,,,,,801605886082.0,703175738859.0,198449132073.0,,1611375475559.0,158680140519.0,398974462553.0,3439766000000,7907239732017,655876775648.0,2014-Q4,,,-79697060843,-167150462185.0,,12905000.0,,-295455551048.0,32252745918.0,,49465703201.0,509462000293.0,478420174874,6722412217259.0,1474754664176,,,13062886453488,,592435044749.0,400189196061,3018857084191,5031916385083,2750000000.0,2998002341729,257200364570.0,33743686340.0,22659685682437,22659685682436,1484160161296.0,-823760000.0,4264798328686.0,,921625024678,333170444644.0
,,4009497638751,3789479550669,,,,,,,,,,,,,,,,,,,,,,,,858644452183.0,,,,,,,,,,,10987860178517.0,14847358003569,,,,,,5098384624458,7628831128802.0,7165961081.0,1329051320706.0,,1690109803136,4106773475086,2416663671950,,15414926749.0,421606140708.0,563585951631,,,,133301775456,1104932003.0,841256822,,3348901244635,-11956327535,192096283.0,,,,,,2750000000.0,264871841795,,3982545424277,88984798522,,,,240222425544.0,,,,,109847759172.0,,716721207685.0,,,317176613915,,501582942504.0,,,1109764525.0,,,,,,87203093024.0,762079207978.0,658779251996.0,206018921457.0,1109764525.0,1356782260904.0,180009002921.0,384941410404.0,3439766000000,7626081128802,399004343185.0,2014-Q3,,,-26952214474,-191685966975.0,,12905000.0,,-277696976302.0,20599301721.0,,49465703201.0,455939109561.0,639669770180,5139562464489.0,721521969131,,,10670683564602,,420382532437.0,413195395283,2785793947429,4731525520762,2750000000.0,2519602194387,168880285103.0,12039414804.0,19945742628027,19945742628025,730927466251.0,-823760000.0,3973441621590.0,,820779020481,333170444644.0
,,3598778861526,3555280762689,,,,,,,,,,,,,,,,,,,,,,,,759222206404.0,,,,,,,,,,,8885204838350.0,12729371523841,,,,,,5037030653242,7587817554569.0,24861599897.0,1293379784164.0,,1117153018502,2392462293952,1275309275450,,7158490357.0,403941821040.0,485000121306,,,,117512325893,1104932003.0,968057029,114943857509.0,3364983373051,2708993642,214547057.0,,,,,,2750000000.0,272775876780,,3575971110742,85601157710,,,,232339447429.0,,,,,84199226418.0,,712241860447.0,,,284480998941,,550349959522.0,,,1109764525.0,,,,,,,786512474717.0,662196137428.0,198949388463.0,1109764525.0,1193174003796.0,169070295328.0,421434390467.0,3439766000000,7585067554569,312327346687.0,2014-Q2,,,-22807750784,-191699221530.0,,12905000.0,,-266485559207.0,34734772080.0,,49465703201.0,443735615501.0,534104748878,3851104121850.0,1169418719131,,,8600723839409,,253751390550.0,334804075137,2309476190654,4448975490126,2750000000.0,2606239317936,154928451773.0,11330025833.0,17766402177083,17766402177083,1178824216251.0,-823760000.0,3893405602507.0,,826832399601,231508275153.0
,,3528270509274,3359840501543,,,,,,,,,,,,,,,,,,,,,,,,688334123960.0,,,,,,,,,,,8710119727088.0,12668499994146,0.0,,0.0,,0.0,4777748478666,7574002979592.0,149268020797.0,1162125766132.0,0.0,1326966272755,3123048999108,1796082726353,,9451999498.0,332628344349.0,571355806826,,,0.0,108635272587,0.0,521235948,0.0,3158962029348,6150539779,219569259.0,0.0,0.0,,0.0,,2750000000.0,268782727548,,3510656432275,82608208245,,0.0,0.0,233663968770.0,,,,,103542976927.0,,713957792446.0,0.0,0.0,297241211503,,507135685882.0,,,1109764525.0,0.0,0.0,0.0,,0.0,114943857509.0,728650275919.0,662559886406.0,193465760317.0,1109764525.0,1063636647960.0,224600076499.0,380891868406.0,2752017550000,7571252979592,172756213977.0,2014-Q1,,,-17614076999,-191671559850.0,0.0,12905000.0,0.0,-253279290326.0,39168575518.0,0.0,49465703201.0,397121576647.0,504458122882,4387939070610.0,861819209993,0.0,0.0,8412878515585,,195570589348.0,328895497833,1705597502476,4148976921805,2750000000.0,2318302259026,134183232721.0,10073920566.0,17446248472812,17446248472812.0,871224707113.0,-823760000.0,4566890880858.0,,778715704056,231508275153.0
,,3407798509666,3688999298466,,,,,,,,,,,,,,,,,,,,,,,,712713453938.0,,,,,,,,,,,9363077720251.0,12954620887356,,,,,,4663305002079,7209655885445.0,211131680402.0,1045192283739.0,,1426911070762,2487189282572,1060278211810,,28377082233.0,419888616854.0,539102696805,,,,104527730702,2213766612.0,545870029,114943857509.0,3053575810122,12705698642,272156026.0,,,,,,2750000000.0,250340249685,,3382873878237,78666938875,,,,225525036285.0,,,,,93710165255.0,,706727341936.0,,,287339129389,,511711029489.0,,,1212664525.0,,,,,,,724323060495.0,663468944666.0,191130136496.0,1212664525.0,1000846651176.0,172163501647.0,360624122843.0,2752017550000,7206905885445,506482831093.0,2013-Q4,,,-24924631429,-191672136135.0,,12905000.0,,-240271697952.0,52496233059.0,,49465703201.0,447646454864.0,374759654082,4128330419004.0,1682449364921,,,9075738590862,,178529969119.0,199630390710,2246279098459,4428870730921,2750000000.0,2263586993603,195358182081.0,10025030013.0,17617925889435,17617925889435,1691854862041.0,-823760000.0,4199929897218.0,,757073611102,231508275153.0
,,2856653454123,3281623747888,,,,,,,,,,,,,,,,,,,,,,,,606041511349.0,,,,,,,,,,,7660120055343.0,11269784456021,,,,,,4439276954827,6904108800408.0,-1516768930.0,1144832555097.0,,1163063504309,2292011717347,1128948213038,,4808340141.0,306654683710.0,575544783384,,,,95541307720,,244884619,,2939621416417,16059295035,459173690.0,,,,,,2750000000.0,267989644426,,2838444481728,67103009261,,,,218723297308.0,,,,,86430121456.0,,713765714819.0,,,281432645281,,407484621863.0,,,1235264525.0,,,,,,114943857508.0,603266638243.0,663475119446.0,194530445135.0,1235264525.0,903993667100.0,313619038023.0,388546404850.0,2752017550000,6901358800408,231173154770.0,2013-Q3,,,-18208972395,-184183323689.0,,12905000.0,,-227603451412.0,33281293278.0,,49465703201.0,323597538252.0,504615008416,3569694650987.0,1204185104297,,,7378687410062,,158405211603.0,315728309171,1627928726941,4064949694207,2750000000.0,2095842103988,165444916835.0,10545861299.0,15709061410848,15709061410848,1219935726051.0,-823760000.0,3902593145403.0,,667442176882,231508275153.0
,,3036100467433,3163603461990,,,,,,,,,,,,,,,,,,,,,,,,481217507245.0,,,,,,,,,,,7428090800791.0,11274078330983,,,,,,4249318985038,6989817549960.0,11369710907.0,1105488965270.0,,1332411694935,2156011854467,823600159532,,5014916373.0,275083118883.0,539051292758,,,,87386419513,,264516657,114943857509.0,2798353183423,16598602589,1190422334.0,,,,,,2750000000.0,265163548099,,3007881319441,67103009261,,,,215394259411.0,,,,,48051359386.0,,710763989061.0,,,258121716705,,384147569881.0,,,1245084775.0,,,,,,,573646744598.0,663508051604.0,208867029985.0,1245084775.0,900702734350.0,362692654028.0,379680278371.0,2752017550000,6987067549960,197389101049.0,2013-Q2,,,-28219147992,-183888943708.0,,12905000.0,,-212877808704.0,25387053914.0,,49465703201.0,306490771236.0,341586970541,3475762416400.0,1356939558182,,,7169969084086,,136722822364.0,289800517767,1693953118881,3895289568307,2750000000.0,1993873825909,269104863512.0,10250884895.0,15523397316021,15523397316021,1372690179936.0,-823760000.0,3987762587400.0,,668235619563,216366360783.0
,,3016025003643,2697175378113,,,,,,,,,,,,,,,,,,,,,,,,401050319525.0,,,,,,,,,,,6523997560218.0,9906638187587,,,,,,4152376684145,6528837986653.0,102365607648.0,1006179324861.0,,828866720526,1928204362705,1099337642179,,5368313177.0,246840513598.0,551241593554,,,,80419015913,,582473293,,2744794872201,16730506683,1341873564.0,,,,,,2750000000.0,265412084379,,3007449666442,67103009261,,,,210049184562.0,,,,,30916960753.0,,710413686063.0,,,238864612371,,351902166157.0,,,1245084775.0,,,,,,115477144855.0,526792178576.0,663401022090.0,206592873054.0,1245084775.0,811381815665.0,360435548866.0,307468444963.0,2738488330000,6526087986653,118027068145.0,2013-Q1,,,-8575337201,-178643142343.0,,12905000.0,,-197632766246.0,23881939006.0,,49465703201.0,303557555112.0,380051351636,2830896536799.0,812059551953,,,6285132947847,,123405716475.0,323823713352,1521211612556,3377675283780,2750000000.0,1927558720975,238287095377.0,11246620760.0,14059014871732,14059014871732,827666173707.0,-811900000.0,3539635192653.0,,616464492514,216366360783.0
,,2717672501225,3229966309368,,,,,,,,,,,,,,,,,,,,,,,,396310115409.0,,,,,,,,,,,7194524975408.0,10282180507665,,,,,,3988283980155,6181640211036.0,234719440517.0,894299301375.0,,1456621011901,2286184893437,829563881536,,6475957808.0,272484692839.0,540996358701,,,,76863122210,,645973398,115477144855.0,2617661929811,27959758134,1775809034.0,,,,,,2750000000.0,269109800119,,2706880086733,67103009261,,,,210440925092.0,,,,,21804643161.0,,696635615938.0,,,295419654242,,336801221991.0,,,1434084775.0,,,,,,,498707633495.0,663707798632.0,271774167660.0,1434084775.0,792695673851.0,328627381236.0,275556557815.0,2738488330000,6178890211036,209775042199.0,2012-Q4,,,-10792414492,-193119729540.0,,59711127.0,5323260.0,-181027027206.0,24077425262.0,,49465703201.0,345541841485.0,359171410200,2857648639731.0,685239042818,,,6899105321166,,114530446202.0,236795775564,1842697218044,3833776308380,2750000000.0,1806909797593,294060849275.0,11090457959.0,14270464487820,14270464487819,700845664572.0,-794340000.0,3181190605585.0,,621883774582,216366360783.0
,,2637475649762,2505943014375,,,,,,,,,,,,,,,,,,,,,,,,234237348725.0,,,,,,,,,,,7520894704412.0,11037974548604,,,,,,3654039608702,6152706498183.0,32890268080.0,1018412954711.0,,1096474430729,2793287986534,1696813555805,,71743295589.0,285036670331.0,400619250384,,,,62879847205,7075809690.0,724229981,146466256648.0,2201674272919,13949286274,32026079283.0,,,,0.0,,2750000000.0,279164035248,,2622992740570,103009261,,,,225044121840.0,,,,,471410293.0,,842518748929.0,,,301524710038,,289925352982.0,,,1028639950.0,,,,,,,432097972055.0,656531174209.0,260278366558.0,1028639950.0,881848929272.0,484299441494.0,369483155788.0,2738488330000,6149956498183,113833055494.0,2012-Q3,,,-14482909192,-39056547120.0,,248086398.0,1424957816.0,-127241924138.0,11136945668.0,,49465284471.0,450622400043.0,350231218771,3922799065907.0,1499491238247,,,7219369994374,,112260419225.0,306102428851,1285773627009,3339323345207,2750000000.0,1521166757306,261803327594.0,11622502103.0,14692014157306,14692014157306,1499491238247.0,-746350000.0,3202230681529.0,,560026625492,216366360783.0
,,3091336481620,2449928450229,,,,,,,,,,,,,,,,,,,,,,,,225263334835.0,,,,,,,,,,,7339191398310.0,10787560955066,,,,,,3617051481112,6089282974158.0,49936124988.0,976138063710.0,,800283072110,2085584812108,1285301739998,,72181879159.0,264054761503.0,352562552619,,,,63872287820,578614961.0,510547733,146450005902.0,2169558623352,14846018519,32468445802.0,,,,0.0,,2750000000.0,264861615977,,3069363799853,103009261,,,,223885671395.0,,,,,210840306.0,,844588963505.0,,,273699289711,,286031485822.0,,,1028639950.0,,,,,,,421114013402.0,656100921546.0,238565799658.0,1028639950.0,794097503759.0,391635224043.0,416969435311.0,2738488330000,6086532974158,183600634090.0,2012-Q2,,,-21972681767,-35397629436.0,,455851468.0,1419737516.0,-118236592675.0,15594952530.0,,49465284471.0,317070872207.0,385724377461,4295519891715.0,1590122215770,,,7065492108599,,110417738398.0,305295943287,914837660417,3318011997655,2750000000.0,1551623907023,214127157154.0,15214903433.0,14404612436178,14404612436178,1590122215770.0,-646220000.0,3137826546005.0,,529226113770,216366360783.0
,,3383839053363,2636464946641,,,,,,,,,,,,,,,,,,,,,,,,223389186851.0,,,,,,,,,,,7515344861507.0,10656598646123,0.0,,0.0,,0.0,3615992189027,5858497593110.0,75182889666.0,898748380533.0,0.0,814844995981,2177152385909,1362307389928,,24464062190.0,206133803552.0,443462871050,,,0.0,65254994939,1848413023.0,540048491,0.0,2159699111166,16301766742,32906003991.0,0.0,0.0,,0.0,,2750000000.0,272844344480,,3361501344868,103009261,,0.0,0.0,222023682495.0,,,,,228118427.0,,861563271369.0,0.0,0.0,257819452463,,273277600844.0,,,1028639950.0,0.0,0.0,0.0,,0.0,115482623640.0,416137015735.0,654681421546.0,220854151667.0,1028639950.0,872816922428.0,485891322677.0,372661196048.0,2160826760000,5855747593110,89900923793.0,2012-Q1,,,-22337708495,-15141832672.0,0.0,557179639.0,1425585716.0,-115086710484.0,20319491659.0,0.0,49546879484.0,316996295510.0,338894192157,4017345833561.0,879619795330,0.0,0.0,7257525409044,,95406394744.0,421722604719,1442801794617,3521895840476,2750000000.0,1442851847145,222339416363.0,24787177470.0,14272590835150,14272590835150.0,879619795330.0,-557990000.0,3514044543983.0,,439848064438,216366360783.0
